state,year,time,time2,time3,violations,inspections,log_violations,log_inspections,covid,SPEND_APP_z,SPEND_WORK_z,lii_2017_z,dol_demand_met_pct_z,pct_flc_z,h2a_per_farmworker_z
Alabama,2011,-6,36,-216,23.0,98.0,3.1780538303479458,4.59511985013459,0.0,1.269130845648726,0.9965420545114564,-0.07548607156301732,-0.07793413159268513,0.3929489635335324,-0.358489682978554
Alabama,2012,-5,25,-125,20.0,107.0,3.044522437723423,4.68213122712422,0.0,1.269130845648726,0.9965420545114564,-0.07548607156301732,-0.07793413159268513,0.3929489635335324,-0.2056564168614683
Alabama,2013,-4,16,-64,3.0,199.0,1.3862943611198906,5.298317366548036,0.0,1.269130845648726,0.9965420545114564,-0.07548607156301732,-0.07793413159268513,0.3929489635335324,-0.1897588568702839
Alabama,2014,-3,9,-27,0.0,239.0,0.0,5.480638923341991,0.0,1.269130845648726,0.9965420545114564,-0.07548607156301732,-0.07793413159268513,0.3929489635335324,-0.2995527939497007
Alabama,2015,-2,4,-8,54.0,187.0,4.007333185232471,5.236441962829949,0.0,1.269130845648726,0.9965420545114564,-0.07548607156301732,-0.07793413159268513,0.3929489635335324,-0.3248360278045551
Alabama,2016,-1,1,-1,12.0,129.0,2.5649493574615367,4.867534450455582,0.0,1.269130845648726,0.9965420545114564,-0.07548607156301732,-0.07793413159268513,0.3929489635335324,-0.1577178768513539
Alabama,2017,0,0,0,12.0,153.0,2.5649493574615367,5.0369526024136295,0.0,1.269130845648726,0.9965420545114564,-0.07548607156301732,-0.07793413159268513,0.3929489635335324,-0.2020369761295304
Alabama,2018,1,1,1,41.0,205.0,3.7376696182833684,5.327876168789581,0.0,1.269130845648726,0.9965420545114564,-0.07548607156301732,-0.07793413159268513,0.3929489635335324,-0.0781051483607695
Alabama,2019,2,4,8,1.0,107.0,0.6931471805599453,4.68213122712422,0.0,1.269130845648726,0.9965420545114564,-0.07548607156301732,-0.07793413159268513,0.3929489635335324,-0.2746239075241418
Alabama,2020,3,9,27,0.0,84.0,0.0,4.442651256490317,1.0,1.269130845648726,0.9965420545114564,-0.07548607156301732,-0.07793413159268513,0.3929489635335324,-0.3016135055715609
Alabama,2021,4,16,64,0.0,114.0,0.0,4.74493212836325,1.0,1.269130845648726,0.9965420545114564,-0.07548607156301732,-0.07793413159268513,0.3929489635335324,-0.149111059699084
Alaska,2011,-6,36,-216,12.0,6.0,2.5649493574615367,1.9459101490553132,0.0,,3.237027498905904,5.291623428544293,-3.332654569754838,-1.1091756955850682,-0.5310250889746226
Alaska,2012,-5,25,-125,6.0,6.0,1.9459101490553132,1.9459101490553132,0.0,,3.237027498905904,5.291623428544293,-3.332654569754838,-1.1091756955850682,-0.5310250889746226
Alaska,2013,-4,16,-64,7.0,6.0,2.0794415416798357,1.9459101490553132,0.0,,3.237027498905904,5.291623428544293,-3.332654569754838,-1.1091756955850682,-0.618367908742703
Alaska,2014,-3,9,-27,0.0,4.0,0.0,1.6094379124341003,0.0,,3.237027498905904,5.291623428544293,-3.332654569754838,-1.1091756955850682,-0.6511214661557332
Alaska,2015,-2,4,-8,7.0,4.0,2.0794415416798357,1.6094379124341003,0.0,,3.237027498905904,5.291623428544293,-3.332654569754838,-1.1091756955850682,-0.6468537612545882
Alaska,2016,-1,1,-1,8.0,4.0,2.1972245773362196,1.6094379124341003,0.0,,3.237027498905904,5.291623428544293,-3.332654569754838,-1.1091756955850682,-0.6348312353108497
Alaska,2017,0,0,0,4.0,4.0,1.6094379124341003,1.6094379124341003,0.0,,3.237027498905904,5.291623428544293,-3.332654569754838,-1.1091756955850682,-0.60819289057523
Alaska,2018,1,1,1,14.0,4.0,2.70805020110221,1.6094379124341003,0.0,,3.237027498905904,5.291623428544293,-3.332654569754838,-1.1091756955850682,-0.5471601747638405
Alaska,2019,2,4,8,10.0,5.0,2.3978952727983707,1.791759469228055,0.0,,3.237027498905904,5.291623428544293,-3.332654569754838,-1.1091756955850682,-0.6280612692454436
Alaska,2020,3,9,27,6.0,3.0,1.9459101490553132,1.3862943611198906,1.0,,3.237027498905904,5.291623428544293,-3.332654569754838,-1.1091756955850682,-0.6609439615631304
Alaska,2021,4,16,64,7.0,4.0,2.0794415416798357,1.6094379124341003,1.0,,3.237027498905904,5.291623428544293,-3.332654569754838,-1.1091756955850682,-0.6499427667068454
Arizona,2011,-6,36,-216,87.0,101.0,4.477336814478207,4.624972813284271,0.0,-0.4100780907275898,-0.5703031381339457,1.268515111691894,-0.1824435034602793,0.3544329466330555,-0.6402891492906632
Arizona,2012,-5,25,-125,6.0,116.0,1.9459101490553132,4.762173934797756,0.0,-0.4100780907275898,-0.5703031381339457,1.268515111691894,-0.1824435034602793,0.3544329466330555,-0.6333792269808903
Arizona,2013,-4,16,-64,41.0,138.0,3.7376696182833684,4.9344739331306915,0.0,-0.4100780907275898,-0.5703031381339457,1.268515111691894,-0.1824435034602793,0.3544329466330555,-0.6213991658071338
Arizona,2014,-3,9,-27,56.0,168.0,4.04305126783455,5.1298987149230735,0.0,-0.4100780907275898,-0.5703031381339457,1.268515111691894,-0.1824435034602793,0.3544329466330555,-0.6101850472007138
Arizona,2015,-2,4,-8,34.0,124.0,3.5553480614894135,4.8283137373023015,0.0,-0.4100780907275898,-0.5703031381339457,1.268515111691894,-0.1824435034602793,0.3544329466330555,-0.6239475398655966
Arizona,2016,-1,1,-1,58.0,115.0,4.07753744390572,4.7535901911063645,0.0,-0.4100780907275898,-0.5703031381339457,1.268515111691894,-0.1824435034602793,0.3544329466330555,-0.5963041725770495
Arizona,2017,0,0,0,49.0,132.0,3.912023005428146,4.890349128221754,0.0,-0.4100780907275898,-0.5703031381339457,1.268515111691894,-0.1824435034602793,0.3544329466330555,-0.5673530221449093
Arizona,2018,1,1,1,38.0,143.0,3.6635616461296463,4.969813299576001,0.0,-0.4100780907275898,-0.5703031381339457,1.268515111691894,-0.1824435034602793,0.3544329466330555,-0.5317307049712358
Arizona,2019,2,4,8,34.0,113.0,3.5553480614894135,4.736198448394496,0.0,-0.4100780907275898,-0.5703031381339457,1.268515111691894,-0.1824435034602793,0.3544329466330555,-0.5719474080052477
Arizona,2020,3,9,27,46.0,87.0,3.8501476017100584,4.477336814478207,1.0,-0.4100780907275898,-0.5703031381339457,1.268515111691894,-0.1824435034602793,0.3544329466330555,-0.5047995778801555
Arizona,2021,4,16,64,42.0,170.0,3.7612001156935624,5.14166355650266,1.0,-0.4100780907275898,-0.5703031381339457,1.268515111691894,-0.1824435034602793,0.3544329466330555,-0.4146694168741562
Arkansas,2011,-6,36,-216,3.0,62.0,1.3862943611198906,4.143134726391533,0.0,0.6068372187444269,0.2662069995422668,-0.6914419283602421,0.5864468752798637,-0.8951978239157519,0.2086573995882769
Arkansas,2012,-5,25,-125,0.0,60.0,0.0,4.110873864173311,0.0,0.6068372187444269,0.2662069995422668,-0.6914419283602421,0.5864468752798637,-0.8951978239157519,0.2537268107737023
Arkansas,2013,-4,16,-64,6.0,65.0,1.9459101490553132,4.189654742026425,0.0,0.6068372187444269,0.2662069995422668,-0.6914419283602421,0.5864468752798637,-0.8951978239157519,-0.1234570128703523
Arkansas,2014,-3,9,-27,0.0,62.0,0.0,4.143134726391533,0.0,0.6068372187444269,0.2662069995422668,-0.6914419283602421,0.5864468752798637,-0.8951978239157519,-0.2046881957594922
Arkansas,2015,-2,4,-8,2.0,66.0,1.0986122886681098,4.204692619390966,0.0,0.6068372187444269,0.2662069995422668,-0.6914419283602421,0.5864468752798637,-0.8951978239157519,-0.3408776474095505
Arkansas,2016,-1,1,-1,3.0,65.0,1.3862943611198906,4.189654742026425,0.0,0.6068372187444269,0.2662069995422668,-0.6914419283602421,0.5864468752798637,-0.8951978239157519,-0.1509108875340277
Arkansas,2017,0,0,0,0.0,63.0,0.0,4.1588830833596715,0.0,0.6068372187444269,0.2662069995422668,-0.6914419283602421,0.5864468752798637,-0.8951978239157519,0.0019935872975354
Arkansas,2018,1,1,1,0.0,59.0,0.0,4.0943445622221,0.0,0.6068372187444269,0.2662069995422668,-0.6914419283602421,0.5864468752798637,-0.8951978239157519,0.5916979445553083
Arkansas,2019,2,4,8,3.0,66.0,1.3862943611198906,4.204692619390966,0.0,0.6068372187444269,0.2662069995422668,-0.6914419283602421,0.5864468752798637,-0.8951978239157519,1.221831958126776
Arkansas,2020,3,9,27,0.0,11.0,0.0,2.4849066497880004,1.0,0.6068372187444269,0.2662069995422668,-0.6914419283602421,0.5864468752798637,-0.8951978239157519,1.0638862319758282
Arkansas,2021,4,16,64,1.0,61.0,0.6931471805599453,4.127134385045092,1.0,0.6068372187444269,0.2662069995422668,-0.6914419283602421,0.5864468752798637,-0.8951978239157519,1.4015181407794304
California,2011,-6,36,-216,81.0,39.0,4.406719247264253,3.6888794541139363,0.0,-0.4285606950989956,-0.5885934871311046,1.7740038972160197,0.3326384007442861,1.7024935381497481,-0.6896344679241277
California,2012,-5,25,-125,36.0,33.0,3.6109179126442243,3.5263605246161616,0.0,-0.4285606950989956,-0.5885934871311046,1.7740038972160197,0.3326384007442861,1.7024935381497481,-0.6882395350950209
California,2013,-4,16,-64,48.0,33.0,3.8918202981106265,3.5263605246161616,0.0,-0.4285606950989956,-0.5885934871311046,1.7740038972160197,0.3326384007442861,1.7024935381497481,-0.6861079139012436
California,2014,-3,9,-27,57.0,33.0,4.060443010546419,3.5263605246161616,0.0,-0.4285606950989956,-0.5885934871311046,1.7740038972160197,0.3326384007442861,1.7024935381497481,-0.6842332051063676
California,2015,-2,4,-8,35.0,38.0,3.58351893845611,3.6635616461296463,0.0,-0.4285606950989956,-0.5885934871311046,1.7740038972160197,0.3326384007442861,1.7024935381497481,-0.6807516000647472
California,2016,-1,1,-1,49.0,32.0,3.912023005428146,3.4965075614664802,0.0,-0.4285606950989956,-0.5885934871311046,1.7740038972160197,0.3326384007442861,1.7024935381497481,-0.6780250427370277
California,2017,0,0,0,47.0,36.0,3.871201010907891,3.6109179126442243,0.0,-0.4285606950989956,-0.5885934871311046,1.7740038972160197,0.3326384007442861,1.7024935381497481,-0.674186007243426
California,2018,1,1,1,32.0,35.0,3.4965075614664802,3.58351893845611,0.0,-0.4285606950989956,-0.5885934871311046,1.7740038972160197,0.3326384007442861,1.7024935381497481,-0.6706931197043297
California,2019,2,4,8,65.0,33.0,4.189654742026425,3.5263605246161616,0.0,-0.4285606950989956,-0.5885934871311046,1.7740038972160197,0.3326384007442861,1.7024935381497481,-0.6664327002200106
California,2020,3,9,27,14.0,21.0,2.70805020110221,3.091042453358316,1.0,-0.4285606950989956,-0.5885934871311046,1.7740038972160197,0.3326384007442861,1.7024935381497481,-0.6643927946480417
California,2021,4,16,64,12.0,17.0,2.5649493574615367,2.8903717578961645,1.0,-0.4285606950989956,-0.5885934871311046,1.7740038972160197,0.3326384007442861,1.7024935381497481,-0.654251441691211
Colorado,2011,-6,36,-216,30.0,146.0,3.4339872044851463,4.990432586778736,0.0,-0.3917957939249175,-0.5139740026757852,-0.4181504358758386,0.8141280068485511,-0.6512630502127313,-0.5218911725908768
Colorado,2012,-5,25,-125,18.0,144.0,2.9444389791664403,4.976733742420574,0.0,-0.3917957939249175,-0.5139740026757852,-0.4181504358758386,0.8141280068485511,-0.6512630502127313,-0.5661345128228984
Colorado,2013,-4,16,-64,45.0,167.0,3.828641396489095,5.123963979403259,0.0,-0.3917957939249175,-0.5139740026757852,-0.4181504358758386,0.8141280068485511,-0.6512630502127313,-0.5490933944424693
Colorado,2014,-3,9,-27,11.0,184.0,2.4849066497880004,5.220355825078324,0.0,-0.3917957939249175,-0.5139740026757852,-0.4181504358758386,0.8141280068485511,-0.6512630502127313,-0.5327014615241518
Colorado,2015,-2,4,-8,14.0,95.0,2.70805020110221,4.564348191467836,0.0,-0.3917957939249175,-0.5139740026757852,-0.4181504358758386,0.8141280068485511,-0.6512630502127313,-0.5442265228021645
Colorado,2016,-1,1,-1,7.0,42.0,2.0794415416798357,3.7612001156935624,0.0,-0.3917957939249175,-0.5139740026757852,-0.4181504358758386,0.8141280068485511,-0.6512630502127313,-0.4910877091033349
Colorado,2017,0,0,0,908.0,515.0,6.812345094177479,6.246106765481563,0.0,-0.3917957939249175,-0.5139740026757852,-0.4181504358758386,0.8141280068485511,-0.6512630502127313,-0.5109574697275753
Colorado,2018,1,1,1,733.0,533.0,6.598509028614515,6.280395838960195,0.0,-0.3917957939249175,-0.5139740026757852,-0.4181504358758386,0.8141280068485511,-0.6512630502127313,-0.5286758754896868
Colorado,2019,2,4,8,453.0,392.0,6.118097198041348,5.973809611869261,0.0,-0.3917957939249175,-0.5139740026757852,-0.4181504358758386,0.8141280068485511,-0.6512630502127313,-0.4637106277996102
Colorado,2020,3,9,27,227.0,281.0,5.429345628954441,5.641907070938114,1.0,-0.3917957939249175,-0.5139740026757852,-0.4181504358758386,0.8141280068485511,-0.6512630502127313,-0.4302009515005388
Colorado,2021,4,16,64,414.0,288.0,6.028278520230698,5.666426688112432,1.0,-0.3917957939249175,-0.5139740026757852,-0.4181504358758386,0.8141280068485511,-0.6512630502127313,-0.4562395305054364
Connecticut,2011,-6,36,-216,7.0,12.0,2.0794415416798357,2.5649493574615367,0.0,-0.701852137834497,-0.5738530375309405,0.8264537434697294,1.0754014365175246,-0.34741447244230206,-0.4865471398782448
Connecticut,2012,-5,25,-125,3.0,5.0,1.3862943611198906,1.791759469228055,0.0,-0.701852137834497,-0.5738530375309405,0.8264537434697294,1.0754014365175246,-0.34741447244230206,-0.3751014872115442
Connecticut,2013,-4,16,-64,0.0,5.0,0.0,1.791759469228055,0.0,-0.701852137834497,-0.5738530375309405,0.8264537434697294,1.0754014365175246,-0.34741447244230206,-0.466551419725971
Connecticut,2014,-3,9,-27,2.0,29.0,1.0986122886681098,3.4011973816621555,0.0,-0.701852137834497,-0.5738530375309405,0.8264537434697294,1.0754014365175246,-0.34741447244230206,-0.5659396792227381
Connecticut,2015,-2,4,-8,2.0,6.0,1.0986122886681098,1.9459101490553132,0.0,-0.701852137834497,-0.5738530375309405,0.8264537434697294,1.0754014365175246,-0.34741447244230206,-0.5421310571152531
Connecticut,2016,-1,1,-1,0.0,5.0,0.0,1.791759469228055,0.0,-0.701852137834497,-0.5738530375309405,0.8264537434697294,1.0754014365175246,-0.34741447244230206,-0.5951491707044997
Connecticut,2017,0,0,0,0.0,9.0,0.0,2.302585092994046,0.0,-0.701852137834497,-0.5738530375309405,0.8264537434697294,1.0754014365175246,-0.34741447244230206,-0.5897778470114486
Connecticut,2018,1,1,1,0.0,0.0,0.0,0.0,0.0,-0.701852137834497,-0.5738530375309405,0.8264537434697294,1.0754014365175246,-0.34741447244230206,-0.5202559868368248
Connecticut,2019,2,4,8,0.0,5.0,0.0,1.791759469228055,0.0,-0.701852137834497,-0.5738530375309405,0.8264537434697294,1.0754014365175246,-0.34741447244230206,-0.4484000811932422
Connecticut,2020,3,9,27,0.0,2.0,0.0,1.0986122886681098,1.0,-0.701852137834497,-0.5738530375309405,0.8264537434697294,1.0754014365175246,-0.34741447244230206,-0.3792650163417689
Connecticut,2021,4,16,64,0.0,3.0,0.0,1.3862943611198906,1.0,-0.701852137834497,-0.5738530375309405,0.8264537434697294,1.0754014365175246,-0.34741447244230206,-0.2814489625290998
Delaware,2011,-6,36,-216,,9.0,,2.302585092994046,0.0,0.5919558275927509,0.805230017524276,-0.30420030108342955,-0.7497800935986298,2.0833741497211307,-0.5251577850512708
Delaware,2012,-5,25,-125,1.0,9.0,0.6931471805599453,2.302585092994046,0.0,0.5919558275927509,0.805230017524276,-0.30420030108342955,-0.7497800935986298,2.0833741497211307,-0.5163568291662428
Delaware,2013,-4,16,-64,11.0,9.0,2.4849066497880004,2.302585092994046,0.0,0.5919558275927509,0.805230017524276,-0.30420030108342955,-0.7497800935986298,2.0833741497211307,-0.5163568291662428
Delaware,2014,-3,9,-27,3.0,9.0,1.3862943611198906,2.302585092994046,0.0,0.5919558275927509,0.805230017524276,-0.30420030108342955,-0.7497800935986298,2.0833741497211307,-0.5515606527063545
Delaware,2015,-2,4,-8,3.0,9.0,1.3862943611198906,2.302585092994046,0.0,0.5919558275927509,0.805230017524276,-0.30420030108342955,-0.7497800935986298,2.0833741497211307,0.0337029136480037
Delaware,2016,-1,1,-1,7.0,12.0,2.0794415416798357,2.5649493574615367,0.0,0.5919558275927509,0.805230017524276,-0.30420030108342955,-0.7497800935986298,2.0833741497211307,0.0263687837438138
Delaware,2017,0,0,0,7.0,11.0,2.0794415416798357,2.4849066497880004,0.0,0.5919558275927509,0.805230017524276,-0.30420030108342955,-0.7497800935986298,2.0833741497211307,0.0914591866434996
Delaware,2018,1,1,1,12.0,10.0,2.5649493574615367,2.3978952727983707,0.0,0.5919558275927509,0.805230017524276,-0.30420030108342955,-0.7497800935986298,2.0833741497211307,-0.1608445322315612
Delaware,2019,2,4,8,14.0,10.0,2.70805020110221,2.3978952727983707,0.0,0.5919558275927509,0.805230017524276,-0.30420030108342955,-0.7497800935986298,2.0833741497211307,0.6010502483792696
Delaware,2020,3,9,27,2.0,1.0,1.0986122886681098,0.6931471805599453,1.0,0.5919558275927509,0.805230017524276,-0.30420030108342955,-0.7497800935986298,2.0833741497211307,0.1313385179975325
Delaware,2021,4,16,64,4.0,10.0,1.6094379124341003,2.3978952727983707,1.0,0.5919558275927509,0.805230017524276,-0.30420030108342955,-0.7497800935986298,2.0833741497211307,0.5532037818614589
Florida,2011,-6,36,-216,120.0,778.0,4.795790545596741,6.658011045870748,0.0,-0.7483375425482962,-0.5846655945483628,-0.4517781928622717,0.030307717841606935,1.2060648758769343,-0.6385787921223963
Florida,2012,-5,25,-125,149.0,808.0,5.0106352940962555,6.695798917058491,0.0,-0.7483375425482962,-0.5846655945483628,-0.4517781928622717,0.030307717841606935,1.2060648758769343,-0.6289970183915641
Florida,2013,-4,16,-64,226.0,875.0,5.424950017481403,6.775366090936392,0.0,-0.7483375425482962,-0.5846655945483628,-0.4517781928622717,0.030307717841606935,1.2060648758769343,-0.5867510727288344
Florida,2014,-3,9,-27,149.0,733.0,5.0106352940962555,6.598509028614515,0.0,-0.7483375425482962,-0.5846655945483628,-0.4517781928622717,0.030307717841606935,1.2060648758769343,-0.511000191378642
Florida,2015,-2,4,-8,158.0,795.0,5.0689042022202315,6.679599185844383,0.0,-0.7483375425482962,-0.5846655945483628,-0.4517781928622717,0.030307717841606935,1.2060648758769343,-0.4229105023460314
Florida,2016,-1,1,-1,81.0,598.0,4.406719247264253,6.395261598115449,0.0,-0.7483375425482962,-0.5846655945483628,-0.4517781928622717,0.030307717841606935,1.2060648758769343,-0.316143323377255
Florida,2017,0,0,0,158.0,645.0,5.0689042022202315,6.470799503782602,0.0,-0.7483375425482962,-0.5846655945483628,-0.4517781928622717,0.030307717841606935,1.2060648758769343,-0.2722050284538543
Florida,2018,1,1,1,90.0,676.0,4.51085950651685,6.517671272912275,0.0,-0.7483375425482962,-0.5846655945483628,-0.4517781928622717,0.030307717841606935,1.2060648758769343,-0.0642252482498352
Florida,2019,2,4,8,127.0,700.0,4.852030263919617,6.55250788703459,0.0,-0.7483375425482962,-0.5846655945483628,-0.4517781928622717,0.030307717841606935,1.2060648758769343,0.0417216594518897
Florida,2020,3,9,27,223.0,642.0,5.4116460518550396,6.466144724237619,1.0,-0.7483375425482962,-0.5846655945483628,-0.4517781928622717,0.030307717841606935,1.2060648758769343,0.2479975232993133
Florida,2021,4,16,64,256.0,733.0,5.54907608489522,6.598509028614515,1.0,-0.7483375425482962,-0.5846655945483628,-0.4517781928622717,0.030307717841606935,1.2060648758769343,0.3909267342897493
Georgia,2011,-6,36,-216,46.0,146.0,3.8501476017100584,4.990432586778736,0.0,-0.723182138415523,-0.5720359957209937,-0.12222106717528743,-0.48104170879625574,1.783805129384088,-0.0617336121938604
Georgia,2012,-5,25,-125,27.0,96.0,3.332204510175204,4.574710978503383,0.0,-0.723182138415523,-0.5720359957209937,-0.12222106717528743,-0.48104170879625574,1.783805129384088,-0.1685831018835724
Georgia,2013,-4,16,-64,32.0,98.0,3.4965075614664802,4.59511985013459,0.0,-0.723182138415523,-0.5720359957209937,-0.12222106717528743,-0.48104170879625574,1.783805129384088,-0.1123073891945778
Georgia,2014,-3,9,-27,14.0,82.0,2.70805020110221,4.418840607796598,0.0,-0.723182138415523,-0.5720359957209937,-0.12222106717528743,-0.48104170879625574,1.783805129384088,-0.0164136406972942
Georgia,2015,-2,4,-8,23.0,86.0,3.1780538303479458,4.465908118654584,0.0,-0.723182138415523,-0.5720359957209937,-0.12222106717528743,-0.48104170879625574,1.783805129384088,0.3580210330625614
Georgia,2016,-1,1,-1,17.0,66.0,2.8903717578961645,4.204692619390966,0.0,-0.723182138415523,-0.5720359957209937,-0.12222106717528743,-0.48104170879625574,1.783805129384088,0.4364310203338326
Georgia,2017,0,0,0,20.0,77.0,3.044522437723423,4.356708826689592,0.0,-0.723182138415523,-0.5720359957209937,-0.12222106717528743,-0.48104170879625574,1.783805129384088,0.8144017416071713
Georgia,2018,1,1,1,7.0,37.0,2.0794415416798357,3.6375861597263857,0.0,-0.723182138415523,-0.5720359957209937,-0.12222106717528743,-0.48104170879625574,1.783805129384088,1.5328907426882326
Georgia,2019,2,4,8,18.0,21.0,2.9444389791664403,3.091042453358316,0.0,-0.723182138415523,-0.5720359957209937,-0.12222106717528743,-0.48104170879625574,1.783805129384088,1.5602714943305416
Georgia,2020,3,9,27,5.0,10.0,1.791759469228055,2.3978952727983707,1.0,-0.723182138415523,-0.5720359957209937,-0.12222106717528743,-0.48104170879625574,1.783805129384088,1.7091022725913176
Georgia,2021,4,16,64,0.0,23.0,0.0,3.1780538303479458,1.0,-0.723182138415523,-0.5720359957209937,-0.12222106717528743,-0.48104170879625574,1.783805129384088,2.134609928428899
Hawaii,2011,-6,36,-216,3.0,20.0,1.3862943611198906,3.044522437723423,0.0,-0.7835612294433079,-0.597016294507755,1.5577121861369192,-1.1491551932355024,0.23888489593162462,-0.6029912386594866
Hawaii,2012,-5,25,-125,12.0,45.0,2.5649493574615367,3.828641396489095,0.0,-0.7835612294433079,-0.597016294507755,1.5577121861369192,-1.1491551932355024,0.23888489593162462,-0.6663972216640083
Hawaii,2013,-4,16,-64,2.0,14.0,1.0986122886681098,2.70805020110221,0.0,-0.7835612294433079,-0.597016294507755,1.5577121861369192,-1.1491551932355024,0.23888489593162462,-0.674850787618999
Hawaii,2014,-3,9,-27,0.0,10.0,0.0,2.3978952727983707,0.0,-0.7835612294433079,-0.597016294507755,1.5577121861369192,-1.1491551932355024,0.23888489593162462,-0.6828415779913547
Hawaii,2015,-2,4,-8,7.0,19.0,2.0794415416798357,2.995732273553991,0.0,-0.7835612294433079,-0.597016294507755,1.5577121861369192,-1.1491551932355024,0.23888489593162462,-0.6757703697252395
Hawaii,2016,-1,1,-1,28.0,21.0,3.367295829986474,3.091042453358316,0.0,-0.7835612294433079,-0.597016294507755,1.5577121861369192,-1.1491551932355024,0.23888489593162462,-0.6662800893007303
Hawaii,2017,0,0,0,16.0,31.0,2.833213344056216,3.4657359027997265,0.0,-0.7835612294433079,-0.597016294507755,1.5577121861369192,-1.1491551932355024,0.23888489593162462,-0.638836798566215
Hawaii,2018,1,1,1,18.0,24.0,2.9444389791664403,3.2188758248682006,0.0,-0.7835612294433079,-0.597016294507755,1.5577121861369192,-1.1491551932355024,0.23888489593162462,-0.6308590613439022
Hawaii,2019,2,4,8,36.0,30.0,3.6109179126442243,3.4339872044851463,0.0,-0.7835612294433079,-0.597016294507755,1.5577121861369192,-1.1491551932355024,0.23888489593162462,-0.6138674199378591
Hawaii,2020,3,9,27,12.0,10.0,2.5649493574615367,2.3978952727983707,1.0,-0.7835612294433079,-0.597016294507755,1.5577121861369192,-1.1491551932355024,0.23888489593162462,-0.651579849274745
Hawaii,2021,4,16,64,6.0,12.0,1.9459101490553132,2.5649493574615367,1.0,-0.7835612294433079,-0.597016294507755,1.5577121861369192,-1.1491551932355024,0.23888489593162462,-0.6377582500508929
Idaho,2011,-6,36,-216,4.0,69.0,1.6094379124341003,4.248495242049359,0.0,0.4581157759911833,-0.1811105133898213,-0.5120195032761663,1.015681795450334,-0.9379933982496151,-0.3903014714379779
Idaho,2012,-5,25,-125,3.0,94.0,1.3862943611198906,4.553876891600541,0.0,0.4581157759911833,-0.1811105133898213,-0.5120195032761663,1.015681795450334,-0.9379933982496151,-0.4105609073746643
Idaho,2013,-4,16,-64,19.0,130.0,2.995732273553991,4.875197323201151,0.0,0.4581157759911833,-0.1811105133898213,-0.5120195032761663,1.015681795450334,-0.9379933982496151,-0.4531283123375947
Idaho,2014,-3,9,-27,9.0,147.0,2.302585092994046,4.997212273764115,0.0,0.4581157759911833,-0.1811105133898213,-0.5120195032761663,1.015681795450334,-0.9379933982496151,-0.4293588744406791
Idaho,2015,-2,4,-8,2.0,115.0,1.0986122886681098,4.7535901911063645,0.0,0.4581157759911833,-0.1811105133898213,-0.5120195032761663,1.015681795450334,-0.9379933982496151,-0.3535679065869677
Idaho,2016,-1,1,-1,9.0,127.0,2.302585092994046,4.852030263919617,0.0,0.4581157759911833,-0.1811105133898213,-0.5120195032761663,1.015681795450334,-0.9379933982496151,-0.3858865182390741
Idaho,2017,0,0,0,0.0,79.0,0.0,4.382026634673881,0.0,0.4581157759911833,-0.1811105133898213,-0.5120195032761663,1.015681795450334,-0.9379933982496151,-0.3104185740527967
Idaho,2018,1,1,1,5.0,62.0,1.791759469228055,4.143134726391533,0.0,0.4581157759911833,-0.1811105133898213,-0.5120195032761663,1.015681795450334,-0.9379933982496151,-0.2943667610449528
Idaho,2019,2,4,8,1.0,57.0,0.6931471805599453,4.060443010546419,0.0,0.4581157759911833,-0.1811105133898213,-0.5120195032761663,1.015681795450334,-0.9379933982496151,-0.2271969827143498
Idaho,2020,3,9,27,1.0,50.0,0.6931471805599453,3.9318256327243257,1.0,0.4581157759911833,-0.1811105133898213,-0.5120195032761663,1.015681795450334,-0.9379933982496151,-0.2666072545105007
Idaho,2021,4,16,64,5.0,54.0,1.791759469228055,4.007333185232471,1.0,0.4581157759911833,-0.1811105133898213,-0.5120195032761663,1.015681795450334,-0.9379933982496151,-0.164318593765125
Illinois,2011,-6,36,-216,26.0,27.0,3.295836866004329,3.332204510175204,0.0,-0.7771178277358395,-0.5911454700744764,-0.9704143603230264,-0.6863279749647414,1.7367299976168387,-0.6119825998401041
Illinois,2012,-5,25,-125,16.0,25.0,2.833213344056216,3.258096538021482,0.0,-0.7771178277358395,-0.5911454700744764,-0.9704143603230264,-0.6863279749647414,1.7367299976168387,-0.5890832909706653
Illinois,2013,-4,16,-64,33.0,24.0,3.5263605246161616,3.2188758248682006,0.0,-0.7771178277358395,-0.5911454700744764,-0.9704143603230264,-0.6863279749647414,1.7367299976168387,-0.5958419019498721
Illinois,2014,-3,9,-27,5.0,33.0,1.791759469228055,3.5263605246161616,0.0,-0.7771178277358395,-0.5911454700744764,-0.9704143603230264,-0.6863279749647414,1.7367299976168387,-0.6119409811962594
Illinois,2015,-2,4,-8,4.0,28.0,1.6094379124341003,3.367295829986474,0.0,-0.7771178277358395,-0.5911454700744764,-0.9704143603230264,-0.6863279749647414,1.7367299976168387,-0.6257095300972547
Illinois,2016,-1,1,-1,13.0,20.0,2.6390573296152584,3.044522437723423,0.0,-0.7771178277358395,-0.5911454700744764,-0.9704143603230264,-0.6863279749647414,1.7367299976168387,-0.5665064201327308
Illinois,2017,0,0,0,14.0,26.0,2.70805020110221,3.295836866004329,0.0,-0.7771178277358395,-0.5911454700744764,-0.9704143603230264,-0.6863279749647414,1.7367299976168387,-0.4286189047568592
Illinois,2018,1,1,1,8.0,27.0,2.1972245773362196,3.332204510175204,0.0,-0.7771178277358395,-0.5911454700744764,-0.9704143603230264,-0.6863279749647414,1.7367299976168387,-0.4230363486612051
Illinois,2019,2,4,8,0.0,36.0,0.0,3.6109179126442243,0.0,-0.7771178277358395,-0.5911454700744764,-0.9704143603230264,-0.6863279749647414,1.7367299976168387,-0.4555050316766667
Illinois,2020,3,9,27,0.0,26.0,0.0,3.295836866004329,1.0,-0.7771178277358395,-0.5911454700744764,-0.9704143603230264,-0.6863279749647414,1.7367299976168387,-0.4282581918151026
Illinois,2021,4,16,64,3.0,37.0,1.3862943611198906,3.6375861597263857,1.0,-0.7771178277358395,-0.5911454700744764,-0.9704143603230264,-0.6863279749647414,1.7367299976168387,-0.4766521910530059
Indiana,2011,-6,36,-216,,8.0,,2.1972245773362196,0.0,-0.0179815211233347,0.2795533909098766,-0.5635043585654747,-1.2088748343026978,2.2032017578559486,-0.6592331066668546
Indiana,2012,-5,25,-125,1.0,7.0,0.6931471805599453,2.0794415416798357,0.0,-0.0179815211233347,0.2795533909098766,-0.5635043585654747,-1.2088748343026978,2.2032017578559486,-0.5778635094991085
Indiana,2013,-4,16,-64,1.0,14.0,0.6931471805599453,2.70805020110221,0.0,-0.0179815211233347,0.2795533909098766,-0.5635043585654747,-1.2088748343026978,2.2032017578559486,-0.5678746197127478
Indiana,2014,-3,9,-27,1.0,14.0,0.6931471805599453,2.70805020110221,0.0,-0.0179815211233347,0.2795533909098766,-0.5635043585654747,-1.2088748343026978,2.2032017578559486,-0.5423742534978946
Indiana,2015,-2,4,-8,17.0,24.0,2.8903717578961645,3.2188758248682006,0.0,-0.0179815211233347,0.2795533909098766,-0.5635043585654747,-1.2088748343026978,2.2032017578559486,-0.5002723235832606
Indiana,2016,-1,1,-1,0.0,13.0,0.0,2.6390573296152584,0.0,-0.0179815211233347,0.2795533909098766,-0.5635043585654747,-1.2088748343026978,2.2032017578559486,-0.355688215916314
Indiana,2017,0,0,0,1.0,7.0,0.6931471805599453,2.0794415416798357,0.0,-0.0179815211233347,0.2795533909098766,-0.5635043585654747,-1.2088748343026978,2.2032017578559486,-0.2757500513416884
Indiana,2018,1,1,1,4.0,6.0,1.6094379124341003,1.9459101490553132,0.0,-0.0179815211233347,0.2795533909098766,-0.5635043585654747,-1.2088748343026978,2.2032017578559486,-0.0748662552615622
Indiana,2019,2,4,8,5.0,22.0,1.791759469228055,3.1354942159291497,0.0,-0.0179815211233347,0.2795533909098766,-0.5635043585654747,-1.2088748343026978,2.2032017578559486,0.0090450631080548
Indiana,2020,3,9,27,4.0,16.0,1.6094379124341003,2.833213344056216,1.0,-0.0179815211233347,0.2795533909098766,-0.5635043585654747,-1.2088748343026978,2.2032017578559486,0.0613096856458508
Indiana,2021,4,16,64,3.0,16.0,1.3862943611198906,2.833213344056216,1.0,-0.0179815211233347,0.2795533909098766,-0.5635043585654747,-1.2088748343026978,2.2032017578559486,0.1999209668402361
Iowa,2011,-6,36,-216,11.0,22.0,2.4849066497880004,3.1354942159291497,0.0,-0.7600194929447651,-0.557607076827924,-0.6674178645777038,-0.09286404185948634,2.241717774756425,-0.2936249456143817
Iowa,2012,-5,25,-125,12.0,21.0,2.5649493574615367,3.091042453358316,0.0,-0.7600194929447651,-0.557607076827924,-0.6674178645777038,-0.09286404185948634,2.241717774756425,-0.4488966720286464
Iowa,2013,-4,16,-64,46.0,22.0,3.8501476017100584,3.1354942159291497,0.0,-0.7600194929447651,-0.557607076827924,-0.6674178645777038,-0.09286404185948634,2.241717774756425,-0.4350146611379542
Iowa,2014,-3,9,-27,3.0,10.0,1.3862943611198906,2.3978952727983707,0.0,-0.7600194929447651,-0.557607076827924,-0.6674178645777038,-0.09286404185948634,2.241717774756425,-0.4276524580092505
Iowa,2015,-2,4,-8,13.0,17.0,2.6390573296152584,2.8903717578961645,0.0,-0.7600194929447651,-0.557607076827924,-0.6674178645777038,-0.09286404185948634,2.241717774756425,-0.1576392968880948
Iowa,2016,-1,1,-1,8.0,26.0,2.1972245773362196,3.295836866004329,0.0,-0.7600194929447651,-0.557607076827924,-0.6674178645777038,-0.09286404185948634,2.241717774756425,0.0049056682889049
Iowa,2017,0,0,0,14.0,19.0,2.70805020110221,2.995732273553991,0.0,-0.7600194929447651,-0.557607076827924,-0.6674178645777038,-0.09286404185948634,2.241717774756425,0.0650239625329561
Iowa,2018,1,1,1,4.0,3.0,1.6094379124341003,1.3862943611198906,0.0,-0.7600194929447651,-0.557607076827924,-0.6674178645777038,-0.09286404185948634,2.241717774756425,-0.0417338510808071
Iowa,2019,2,4,8,0.0,2.0,0.0,1.0986122886681098,0.0,-0.7600194929447651,-0.557607076827924,-0.6674178645777038,-0.09286404185948634,2.241717774756425,-0.089541241315412
Iowa,2020,3,9,27,19.0,7.0,2.995732273553991,2.0794415416798357,1.0,-0.7600194929447651,-0.557607076827924,-0.6674178645777038,-0.09286404185948634,2.241717774756425,-0.0582925853675962
Iowa,2021,4,16,64,0.0,7.0,0.0,2.0794415416798357,1.0,-0.7600194929447651,-0.557607076827924,-0.6674178645777038,-0.09286404185948634,2.241717774756425,0.6930870303465818
Kansas,2011,-6,36,-216,17.0,21.0,2.8903717578961645,3.091042453358316,0.0,-0.7536706729201136,-0.5511212128875864,-0.8926015992510837,0.10868974674230135,0.8123455920053922,0.3429587246080135
Kansas,2012,-5,25,-125,6.0,22.0,1.9459101490553132,3.1354942159291497,0.0,-0.7536706729201136,-0.5511212128875864,-0.8926015992510837,0.10868974674230135,0.8123455920053922,-0.278180960527674
Kansas,2013,-4,16,-64,12.0,20.0,2.5649493574615367,3.044522437723423,0.0,-0.7536706729201136,-0.5511212128875864,-0.8926015992510837,0.10868974674230135,0.8123455920053922,-0.3762599803841653
Kansas,2014,-3,9,-27,15.0,20.0,2.772588722239781,3.044522437723423,0.0,-0.7536706729201136,-0.5511212128875864,-0.8926015992510837,0.10868974674230135,0.8123455920053922,-0.4835126822040007
Kansas,2015,-2,4,-8,10.0,20.0,2.3978952727983707,3.044522437723423,0.0,-0.7536706729201136,-0.5511212128875864,-0.8926015992510837,0.10868974674230135,0.8123455920053922,-0.4224101175363809
Kansas,2016,-1,1,-1,6.0,18.0,1.9459101490553132,2.9444389791664403,0.0,-0.7536706729201136,-0.5511212128875864,-0.8926015992510837,0.10868974674230135,0.8123455920053922,-0.4253007855865305
Kansas,2017,0,0,0,0.0,6.0,0.0,1.9459101490553132,0.0,-0.7536706729201136,-0.5511212128875864,-0.8926015992510837,0.10868974674230135,0.8123455920053922,-0.4029598975706904
Kansas,2018,1,1,1,0.0,0.0,0.0,0.0,0.0,-0.7536706729201136,-0.5511212128875864,-0.8926015992510837,0.10868974674230135,0.8123455920053922,-0.3323713289835465
Kansas,2019,2,4,8,4.0,9.0,1.6094379124341003,2.302585092994046,0.0,-0.7536706729201136,-0.5511212128875864,-0.8926015992510837,0.10868974674230135,0.8123455920053922,-0.0883579626145861
Kansas,2020,3,9,27,0.0,5.0,0.0,1.791759469228055,1.0,-0.7536706729201136,-0.5511212128875864,-0.8926015992510837,0.10868974674230135,0.8123455920053922,-0.0165199324350361
Kansas,2021,4,16,64,0.0,2.0,0.0,1.0986122886681098,1.0,-0.7536706729201136,-0.5511212128875864,-0.8926015992510837,0.10868974674230135,0.8123455920053922,-0.3005356356935069
Kentucky,2011,-6,36,-216,13.0,58.0,2.6390573296152584,4.07753744390572,0.0,2.8128622039581073,1.050842460318376,-0.07487562483645753,1.0119493178836314,-0.9593911854165468,0.965022815700375
Kentucky,2012,-5,25,-125,4.0,29.0,1.6094379124341003,3.4011973816621555,0.0,2.8128622039581073,1.050842460318376,-0.07487562483645753,1.0119493178836314,-0.9593911854165468,0.625381634593256
Kentucky,2013,-4,16,-64,7.0,55.0,2.0794415416798357,4.02535169073515,0.0,2.8128622039581073,1.050842460318376,-0.07487562483645753,1.0119493178836314,-0.9593911854165468,0.7409575074087216
Kentucky,2014,-3,9,-27,4.0,58.0,1.6094379124341003,4.07753744390572,0.0,2.8128622039581073,1.050842460318376,-0.07487562483645753,1.0119493178836314,-0.9593911854165468,0.8398523264157696
Kentucky,2015,-2,4,-8,3.0,52.0,1.3862943611198906,3.970291913552122,0.0,2.8128622039581073,1.050842460318376,-0.07487562483645753,1.0119493178836314,-0.9593911854165468,0.8819652574602717
Kentucky,2016,-1,1,-1,9.0,47.0,2.302585092994046,3.871201010907891,0.0,2.8128622039581073,1.050842460318376,-0.07487562483645753,1.0119493178836314,-0.9593911854165468,1.3232213485590236
Kentucky,2017,0,0,0,0.0,44.0,0.0,3.8066624897703196,0.0,2.8128622039581073,1.050842460318376,-0.07487562483645753,1.0119493178836314,-0.9593911854165468,1.6345339251639794
Kentucky,2018,1,1,1,3.0,32.0,1.3862943611198906,3.4965075614664802,0.0,2.8128622039581073,1.050842460318376,-0.07487562483645753,1.0119493178836314,-0.9593911854165468,1.166581512848545
Kentucky,2019,2,4,8,0.0,12.0,0.0,2.5649493574615367,0.0,2.8128622039581073,1.050842460318376,-0.07487562483645753,1.0119493178836314,-0.9593911854165468,1.511839359880408
Kentucky,2020,3,9,27,0.0,22.0,0.0,3.1354942159291497,1.0,2.8128622039581073,1.050842460318376,-0.07487562483645753,1.0119493178836314,-0.9593911854165468,2.193673360336702
Kentucky,2021,4,16,64,0.0,24.0,0.0,3.2188758248682006,1.0,2.8128622039581073,1.050842460318376,-0.07487562483645753,1.0119493178836314,-0.9593911854165468,3.892293429526684
Louisiana,2011,-6,36,-216,,40.0,,3.713572066704308,0.0,0.5084109570599908,0.3259630238379095,-0.38761790380299277,0.6275041285135646,-0.1719526176734628,2.891204760574098
Louisiana,2012,-5,25,-125,0.0,39.0,0.0,3.6888794541139363,0.0,0.5084109570599908,0.3259630238379095,-0.38761790380299277,0.6275041285135646,-0.1719526176734628,2.006969864712164
Louisiana,2013,-4,16,-64,0.0,34.0,0.0,3.5553480614894135,0.0,0.5084109570599908,0.3259630238379095,-0.38761790380299277,0.6275041285135646,-0.1719526176734628,2.2072538010869653
Louisiana,2014,-3,9,-27,2.0,39.0,1.0986122886681098,3.6888794541139363,0.0,0.5084109570599908,0.3259630238379095,-0.38761790380299277,0.6275041285135646,-0.1719526176734628,2.152218723115445
Louisiana,2015,-2,4,-8,8.0,37.0,2.1972245773362196,3.6375861597263857,0.0,0.5084109570599908,0.3259630238379095,-0.38761790380299277,0.6275041285135646,-0.1719526176734628,2.457166129625244
Louisiana,2016,-1,1,-1,2.0,36.0,1.0986122886681098,3.6109179126442243,0.0,0.5084109570599908,0.3259630238379095,-0.38761790380299277,0.6275041285135646,-0.1719526176734628,2.086592547738992
Louisiana,2017,0,0,0,0.0,36.0,0.0,3.6109179126442243,0.0,0.5084109570599908,0.3259630238379095,-0.38761790380299277,0.6275041285135646,-0.1719526176734628,1.0115656425257826
Louisiana,2018,1,1,1,4.0,38.0,1.6094379124341003,3.6635616461296463,0.0,0.5084109570599908,0.3259630238379095,-0.38761790380299277,0.6275041285135646,-0.1719526176734628,0.7783101023418153
Louisiana,2019,2,4,8,4.0,42.0,1.6094379124341003,3.7612001156935624,0.0,0.5084109570599908,0.3259630238379095,-0.38761790380299277,0.6275041285135646,-0.1719526176734628,1.2172268067915877
Louisiana,2020,3,9,27,10.0,33.0,2.3978952727983707,3.5263605246161616,1.0,0.5084109570599908,0.3259630238379095,-0.38761790380299277,0.6275041285135646,-0.1719526176734628,1.475720402897039
Louisiana,2021,4,16,64,4.0,36.0,1.6094379124341003,3.6109179126442243,1.0,0.5084109570599908,0.3259630238379095,-0.38761790380299277,0.6275041285135646,-0.1719526176734628,4.68871830577798
Maine,2011,-6,36,-216,5.0,58.0,1.791759469228055,4.07753744390572,0.0,1.0374915954202226,0.7180097915938367,0.07267336362272252,0.47074007071217583,-0.5656719015450048,-0.2736834132187811
Maine,2012,-5,25,-125,26.0,108.0,3.295836866004329,4.6913478822291435,0.0,1.0374915954202226,0.7180097915938367,0.07267336362272252,0.47074007071217583,-0.5656719015450048,-0.2764598058485455
Maine,2013,-4,16,-64,12.0,87.0,2.5649493574615367,4.477336814478207,0.0,1.0374915954202226,0.7180097915938367,0.07267336362272252,0.47074007071217583,-0.5656719015450048,-0.2272909505286869
Maine,2014,-3,9,-27,9.0,70.0,2.302585092994046,4.2626798770413155,0.0,1.0374915954202226,0.7180097915938367,0.07267336362272252,0.47074007071217583,-0.5656719015450048,-0.2229916329986446
Maine,2015,-2,4,-8,12.0,72.0,2.5649493574615367,4.290459441148391,0.0,1.0374915954202226,0.7180097915938367,0.07267336362272252,0.47074007071217583,-0.5656719015450048,-0.1690333915606756
Maine,2016,-1,1,-1,13.0,86.0,2.6390573296152584,4.465908118654584,0.0,1.0374915954202226,0.7180097915938367,0.07267336362272252,0.47074007071217583,-0.5656719015450048,0.0777076930731434
Maine,2017,0,0,0,13.0,60.0,2.6390573296152584,4.110873864173311,0.0,1.0374915954202226,0.7180097915938367,0.07267336362272252,0.47074007071217583,-0.5656719015450048,-0.1023859412408542
Maine,2018,1,1,1,9.0,38.0,2.302585092994046,3.6635616461296463,0.0,1.0374915954202226,0.7180097915938367,0.07267336362272252,0.47074007071217583,-0.5656719015450048,-0.106955220585925
Maine,2019,2,4,8,25.0,40.0,3.258096538021482,3.713572066704308,0.0,1.0374915954202226,0.7180097915938367,0.07267336362272252,0.47074007071217583,-0.5656719015450048,0.1420223706945015
Maine,2020,3,9,27,0.0,11.0,0.0,2.4849066497880004,1.0,1.0374915954202226,0.7180097915938367,0.07267336362272252,0.47074007071217583,-0.5656719015450048,0.4491598017500582
Maine,2021,4,16,64,5.0,21.0,1.791759469228055,3.091042453358316,1.0,1.0374915954202226,0.7180097915938367,0.07267336362272252,0.47074007071217583,-0.5656719015450048,-0.020691883141405
Maryland,2011,-6,36,-216,18.0,36.0,2.9444389791664403,3.6109179126442243,0.0,-0.1936886913247558,-0.3940601075707873,-0.17859076792765932,0.7170835901143576,0.007788794528763054,-0.5522790980847241
Maryland,2012,-5,25,-125,5.0,37.0,1.791759469228055,3.6375861597263857,0.0,-0.1936886913247558,-0.3940601075707873,-0.17859076792765932,0.7170835901143576,0.007788794528763054,-0.4562169639518851
Maryland,2013,-4,16,-64,12.0,35.0,2.5649493574615367,3.58351893845611,0.0,-0.1936886913247558,-0.3940601075707873,-0.17859076792765932,0.7170835901143576,0.007788794528763054,-0.4373112068655288
Maryland,2014,-3,9,-27,3.0,36.0,1.3862943611198906,3.6109179126442243,0.0,-0.1936886913247558,-0.3940601075707873,-0.17859076792765932,0.7170835901143576,0.007788794528763054,-0.4351172363813694
Maryland,2015,-2,4,-8,9.0,39.0,2.302585092994046,3.6888794541139363,0.0,-0.1936886913247558,-0.3940601075707873,-0.17859076792765932,0.7170835901143576,0.007788794528763054,-0.4858678034216816
Maryland,2016,-1,1,-1,7.0,36.0,2.0794415416798357,3.6109179126442243,0.0,-0.1936886913247558,-0.3940601075707873,-0.17859076792765932,0.7170835901143576,0.007788794528763054,-0.4432221253329119
Maryland,2017,0,0,0,5.0,39.0,1.791759469228055,3.6888794541139363,0.0,-0.1936886913247558,-0.3940601075707873,-0.17859076792765932,0.7170835901143576,0.007788794528763054,-0.506551416359554
Maryland,2018,1,1,1,7.0,41.0,2.0794415416798357,3.7376696182833684,0.0,-0.1936886913247558,-0.3940601075707873,-0.17859076792765932,0.7170835901143576,0.007788794528763054,-0.4889576268826652
Maryland,2019,2,4,8,3.0,28.0,1.3862943611198906,3.367295829986474,0.0,-0.1936886913247558,-0.3940601075707873,-0.17859076792765932,0.7170835901143576,0.007788794528763054,-0.5255899748491962
Maryland,2020,3,9,27,1.0,3.0,0.6931471805599453,1.3862943611198906,1.0,-0.1936886913247558,-0.3940601075707873,-0.17859076792765932,0.7170835901143576,0.007788794528763054,-0.4415487041435053
Maryland,2021,4,16,64,5.0,42.0,1.791759469228055,3.7612001156935624,1.0,-0.1936886913247558,-0.3940601075707873,-0.17859076792765932,0.7170835901143576,0.007788794528763054,-0.5796136995898811
Massachusetts,2011,-6,36,-216,1.0,66.0,0.6931471805599453,4.204692619390966,0.0,0.1597321361178774,0.0024071249336226,1.3362612633373734,1.011949317883636,-1.1091756955850682,-0.5532179755678208
Massachusetts,2012,-5,25,-125,6.0,34.0,1.9459101490553132,3.5553480614894135,0.0,0.1597321361178774,0.0024071249336226,1.3362612633373734,1.011949317883636,-1.1091756955850682,-0.5439419147760318
Massachusetts,2013,-4,16,-64,6.0,13.0,1.9459101490553132,2.6390573296152584,0.0,0.1597321361178774,0.0024071249336226,1.3362612633373734,1.011949317883636,-1.1091756955850682,-0.57520659442155
Massachusetts,2014,-3,9,-27,18.0,25.0,2.9444389791664403,3.258096538021482,0.0,0.1597321361178774,0.0024071249336226,1.3362612633373734,1.011949317883636,-1.1091756955850682,-0.5720590816031285
Massachusetts,2015,-2,4,-8,22.0,51.0,3.1354942159291497,3.9512437185814275,0.0,0.1597321361178774,0.0024071249336226,1.3362612633373734,1.011949317883636,-1.1091756955850682,-0.587177021053577
Massachusetts,2016,-1,1,-1,19.0,28.0,2.995732273553991,3.367295829986474,0.0,0.1597321361178774,0.0024071249336226,1.3362612633373734,1.011949317883636,-1.1091756955850682,-0.5878645957320948
Massachusetts,2017,0,0,0,0.0,10.0,0.0,2.3978952727983707,0.0,0.1597321361178774,0.0024071249336226,1.3362612633373734,1.011949317883636,-1.1091756955850682,-0.5776492005084016
Massachusetts,2018,1,1,1,0.0,0.0,0.0,0.0,0.0,0.1597321361178774,0.0024071249336226,1.3362612633373734,1.011949317883636,-1.1091756955850682,-0.5772471634870756
Massachusetts,2019,2,4,8,0.0,9.0,0.0,2.302585092994046,0.0,0.1597321361178774,0.0024071249336226,1.3362612633373734,1.011949317883636,-1.1091756955850682,-0.5983106844259066
Massachusetts,2020,3,9,27,0.0,13.0,0.0,2.6390573296152584,1.0,0.1597321361178774,0.0024071249336226,1.3362612633373734,1.011949317883636,-1.1091756955850682,-0.5834532255174458
Massachusetts,2021,4,16,64,0.0,18.0,0.0,2.9444389791664403,1.0,0.1597321361178774,0.0024071249336226,1.3362612633373734,1.011949317883636,-1.1091756955850682,-0.5899802101275342
Michigan,2011,-6,36,-216,24.0,40.0,3.2188758248682006,3.713572066704308,0.0,-0.4944611625913809,-0.426927160956314,-0.13747739836577327,-1.794873812274557,1.3815267306457737,-0.6386355967723832
Michigan,2012,-5,25,-125,14.0,43.0,2.70805020110221,3.784189633918261,0.0,-0.4944611625913809,-0.426927160956314,-0.13747739836577327,-1.794873812274557,1.3815267306457737,-0.6345986792246334
Michigan,2013,-4,16,-64,10.0,48.0,2.3978952727983707,3.8918202981106265,0.0,-0.4944611625913809,-0.426927160956314,-0.13747739836577327,-1.794873812274557,1.3815267306457737,-0.558015765570557
Michigan,2014,-3,9,-27,14.0,13.0,2.70805020110221,2.6390573296152584,0.0,-0.4944611625913809,-0.426927160956314,-0.13747739836577327,-1.794873812274557,1.3815267306457737,-0.4897385534999868
Michigan,2015,-2,4,-8,13.0,46.0,2.6390573296152584,3.8501476017100584,0.0,-0.4944611625913809,-0.426927160956314,-0.13747739836577327,-1.794873812274557,1.3815267306457737,-0.3862676999906734
Michigan,2016,-1,1,-1,4.0,19.0,1.6094379124341003,2.995732273553991,0.0,-0.4944611625913809,-0.426927160956314,-0.13747739836577327,-1.794873812274557,1.3815267306457737,-0.2678721294272697
Michigan,2017,0,0,0,16.0,28.0,2.833213344056216,3.367295829986474,0.0,-0.4944611625913809,-0.426927160956314,-0.13747739836577327,-1.794873812274557,1.3815267306457737,-0.1194230293313792
Michigan,2018,1,1,1,12.0,60.0,2.5649493574615367,4.110873864173311,0.0,-0.4944611625913809,-0.426927160956314,-0.13747739836577327,-1.794873812274557,1.3815267306457737,0.0016541497647887
Michigan,2019,2,4,8,23.0,24.0,3.1780538303479458,3.2188758248682006,0.0,-0.4944611625913809,-0.426927160956314,-0.13747739836577327,-1.794873812274557,1.3815267306457737,0.2606418475405101
Michigan,2020,3,9,27,14.0,22.0,2.70805020110221,3.1354942159291497,1.0,-0.4944611625913809,-0.426927160956314,-0.13747739836577327,-1.794873812274557,1.3815267306457737,0.5467586374002009
Michigan,2021,4,16,64,0.0,39.0,0.0,3.6888794541139363,1.0,-0.4944611625913809,-0.426927160956314,-0.13747739836577327,-1.794873812274557,1.3815267306457737,0.102224641610007
Minnesota,2011,-6,36,-216,51.0,18.0,3.9512437185814275,2.9444389791664403,0.0,-0.6521453270618487,-0.3741167301497313,-0.5210931808839891,-0.09659651942617949,-0.25326420890780293,-0.5267108949133344
Minnesota,2012,-5,25,-125,31.0,17.0,3.4657359027997265,2.8903717578961645,0.0,-0.6521453270618487,-0.3741167301497313,-0.5210931808839891,-0.09659651942617949,-0.25326420890780293,-0.4448490626003907
Minnesota,2013,-4,16,-64,35.0,28.0,3.58351893845611,3.367295829986474,0.0,-0.6521453270618487,-0.3741167301497313,-0.5210931808839891,-0.09659651942617949,-0.25326420890780293,-0.483951135622186
Minnesota,2014,-3,9,-27,28.0,24.0,3.367295829986474,3.2188758248682006,0.0,-0.6521453270618487,-0.3741167301497313,-0.5210931808839891,-0.09659651942617949,-0.25326420890780293,-0.4421627243215304
Minnesota,2015,-2,4,-8,16.0,13.0,2.833213344056216,2.6390573296152584,0.0,-0.6521453270618487,-0.3741167301497313,-0.5210931808839891,-0.09659651942617949,-0.25326420890780293,-0.3840805576799597
Minnesota,2016,-1,1,-1,66.0,19.0,4.204692619390966,2.995732273553991,0.0,-0.6521453270618487,-0.3741167301497313,-0.5210931808839891,-0.09659651942617949,-0.25326420890780293,-0.3070367973061186
Minnesota,2017,0,0,0,114.0,25.0,4.74493212836325,3.258096538021482,0.0,-0.6521453270618487,-0.3741167301497313,-0.5210931808839891,-0.09659651942617949,-0.25326420890780293,-0.2241199606762123
Minnesota,2018,1,1,1,112.0,24.0,4.727387818712341,3.2188758248682006,0.0,-0.6521453270618487,-0.3741167301497313,-0.5210931808839891,-0.09659651942617949,-0.25326420890780293,-0.2703491575228426
Minnesota,2019,2,4,8,87.0,27.0,4.477336814478207,3.332204510175204,0.0,-0.6521453270618487,-0.3741167301497313,-0.5210931808839891,-0.09659651942617949,-0.25326420890780293,-0.2228355876815341
Minnesota,2020,3,9,27,47.0,9.0,3.871201010907891,2.302585092994046,1.0,-0.6521453270618487,-0.3741167301497313,-0.5210931808839891,-0.09659651942617949,-0.25326420890780293,-0.1273145747030756
Minnesota,2021,4,16,64,60.0,14.0,4.110873864173311,2.70805020110221,1.0,-0.6521453270618487,-0.3741167301497313,-0.5210931808839891,-0.09659651942617949,-0.25326420890780293,-0.2436221710744594
Mississippi,2011,-6,36,-216,5.0,26.0,1.791759469228055,3.295836866004329,0.0,-0.7835612294433079,-0.597016294507755,-0.2322051930664887,0.2990461026439905,-0.5913492461453227,-0.1159133363974712
Mississippi,2012,-5,25,-125,6.0,35.0,1.9459101490553132,3.58351893845611,0.0,-0.7835612294433079,-0.597016294507755,-0.2322051930664887,0.2990461026439905,-0.5913492461453227,0.1814332445752585
Mississippi,2013,-4,16,-64,0.0,33.0,0.0,3.5263605246161616,0.0,-0.7835612294433079,-0.597016294507755,-0.2322051930664887,0.2990461026439905,-0.5913492461453227,0.1780935961367434
Mississippi,2014,-3,9,-27,7.0,28.0,2.0794415416798357,3.367295829986474,0.0,-0.7835612294433079,-0.597016294507755,-0.2322051930664887,0.2990461026439905,-0.5913492461453227,0.2706053563066327
Mississippi,2015,-2,4,-8,7.0,37.0,2.0794415416798357,3.6375861597263857,0.0,-0.7835612294433079,-0.597016294507755,-0.2322051930664887,0.2990461026439905,-0.5913492461453227,0.5741366109630008
Mississippi,2016,-1,1,-1,2.0,1.0,1.0986122886681098,0.6931471805599453,0.0,-0.7835612294433079,-0.597016294507755,-0.2322051930664887,0.2990461026439905,-0.5913492461453227,1.070060371946192
Mississippi,2017,0,0,0,35.0,36.0,3.58351893845611,3.6109179126442243,0.0,-0.7835612294433079,-0.597016294507755,-0.2322051930664887,0.2990461026439905,-0.5913492461453227,1.0968749901365211
Mississippi,2018,1,1,1,8.0,1.0,2.1972245773362196,0.6931471805599453,0.0,-0.7835612294433079,-0.597016294507755,-0.2322051930664887,0.2990461026439905,-0.5913492461453227,0.8024729780827209
Mississippi,2019,2,4,8,43.0,46.0,3.784189633918261,3.8501476017100584,0.0,-0.7835612294433079,-0.597016294507755,-0.2322051930664887,0.2990461026439905,-0.5913492461453227,0.9818683953240612
Mississippi,2020,3,9,27,5.0,22.0,1.791759469228055,3.1354942159291497,1.0,-0.7835612294433079,-0.597016294507755,-0.2322051930664887,0.2990461026439905,-0.5913492461453227,2.3445038932106534
Mississippi,2021,4,16,64,13.0,24.0,2.6390573296152584,3.2188758248682006,1.0,-0.7835612294433079,-0.597016294507755,-0.2322051930664887,0.2990461026439905,-0.5913492461453227,6.106362474317285
Missouri,2011,-6,36,-216,19.0,20.0,2.995732273553991,3.044522437723423,0.0,-0.6933649897457227,-0.5314626484685903,-0.36341505751275893,-0.3877297696287601,0.9064958555398915,-0.6249762214181699
Missouri,2012,-5,25,-125,1.0,20.0,0.6931471805599453,3.044522437723423,0.0,-0.6933649897457227,-0.5314626484685903,-0.36341505751275893,-0.3877297696287601,0.9064958555398915,-0.6325868443869922
Missouri,2013,-4,16,-64,25.0,24.0,3.258096538021482,3.2188758248682006,0.0,-0.6933649897457227,-0.5314626484685903,-0.36341505751275893,-0.3877297696287601,0.9064958555398915,-0.6304025491763965
Missouri,2014,-3,9,-27,24.0,24.0,3.2188758248682006,3.2188758248682006,0.0,-0.6933649897457227,-0.5314626484685903,-0.36341505751275893,-0.3877297696287601,0.9064958555398915,-0.6001828350430054
Missouri,2015,-2,4,-8,39.0,29.0,3.6888794541139363,3.4011973816621555,0.0,-0.6933649897457227,-0.5314626484685903,-0.36341505751275893,-0.3877297696287601,0.9064958555398915,-0.5435049390535265
Missouri,2016,-1,1,-1,17.0,33.0,2.8903717578961645,3.5263605246161616,0.0,-0.6933649897457227,-0.5314626484685903,-0.36341505751275893,-0.3877297696287601,0.9064958555398915,-0.4537346430612363
Missouri,2017,0,0,0,14.0,28.0,2.70805020110221,3.367295829986474,0.0,-0.6933649897457227,-0.5314626484685903,-0.36341505751275893,-0.3877297696287601,0.9064958555398915,-0.4283472703159633
Missouri,2018,1,1,1,0.0,22.0,0.0,3.1354942159291497,0.0,-0.6933649897457227,-0.5314626484685903,-0.36341505751275893,-0.3877297696287601,0.9064958555398915,-0.3725912145670647
Missouri,2019,2,4,8,41.0,26.0,3.7376696182833684,3.295836866004329,0.0,-0.6933649897457227,-0.5314626484685903,-0.36341505751275893,-0.3877297696287601,0.9064958555398915,-0.3856495635470158
Missouri,2020,3,9,27,8.0,4.0,2.1972245773362196,1.6094379124341003,1.0,-0.6933649897457227,-0.5314626484685903,-0.36341505751275893,-0.3877297696287601,0.9064958555398915,-0.4071537919898849
Missouri,2021,4,16,64,8.0,38.0,2.1972245773362196,3.6635616461296463,1.0,-0.6933649897457227,-0.5314626484685903,-0.36341505751275893,-0.3877297696287601,0.9064958555398915,-0.180433020033486
Montana,2011,-6,36,-216,48.0,31.0,3.8918202981106265,3.4657359027997265,0.0,-0.3395595374831126,0.4626245338955037,-0.8839367585772471,0.10495726917560344,-0.35169402987568843,-0.2208961673117332
Montana,2012,-5,25,-125,22.0,28.0,3.1354942159291497,3.367295829986474,0.0,-0.3395595374831126,0.4626245338955037,-0.8839367585772471,0.10495726917560344,-0.35169402987568843,-0.2684068220207439
Montana,2013,-4,16,-64,30.0,32.0,3.4339872044851463,3.4965075614664802,0.0,-0.3395595374831126,0.4626245338955037,-0.8839367585772471,0.10495726917560344,-0.35169402987568843,-0.2539579592607799
Montana,2014,-3,9,-27,11.0,29.0,2.4849066497880004,3.4011973816621555,0.0,-0.3395595374831126,0.4626245338955037,-0.8839367585772471,0.10495726917560344,-0.35169402987568843,-0.2057846359157373
Montana,2015,-2,4,-8,43.0,26.0,3.784189633918261,3.295836866004329,0.0,-0.3395595374831126,0.4626245338955037,-0.8839367585772471,0.10495726917560344,-0.35169402987568843,-0.2420603707495384
Montana,2016,-1,1,-1,30.0,23.0,3.4339872044851463,3.1780538303479458,0.0,-0.3395595374831126,0.4626245338955037,-0.8839367585772471,0.10495726917560344,-0.35169402987568843,-0.3275994858426171
Montana,2017,0,0,0,34.0,20.0,3.5553480614894135,3.044522437723423,0.0,-0.3395595374831126,0.4626245338955037,-0.8839367585772471,0.10495726917560344,-0.35169402987568843,-0.2952596447374919
Montana,2018,1,1,1,18.0,10.0,2.9444389791664403,2.3978952727983707,0.0,-0.3395595374831126,0.4626245338955037,-0.8839367585772471,0.10495726917560344,-0.35169402987568843,-0.1069790326960035
Montana,2019,2,4,8,29.0,25.0,3.4011973816621555,3.258096538021482,0.0,-0.3395595374831126,0.4626245338955037,-0.8839367585772471,0.10495726917560344,-0.35169402987568843,0.0060224878805771
Montana,2020,3,9,27,16.0,14.0,2.833213344056216,2.70805020110221,1.0,-0.3395595374831126,0.4626245338955037,-0.8839367585772471,0.10495726917560344,-0.35169402987568843,0.1712178493515653
Montana,2021,4,16,64,19.0,23.0,2.995732273553991,3.1780538303479458,1.0,-0.3395595374831126,0.4626245338955037,-0.8839367585772471,0.10495726917560344,-0.35169402987568843,-0.0647839736368327
Nebraska,2011,-6,36,-216,11.0,19.0,2.4849066497880004,2.995732273553991,0.0,-0.5866838417674719,-0.4721019886522534,-0.8105567330422457,-0.693792930098142,1.3900858455125464,-0.6131673439015501
Nebraska,2012,-5,25,-125,12.0,27.0,2.5649493574615367,3.332204510175204,0.0,-0.5866838417674719,-0.4721019886522534,-0.8105567330422457,-0.693792930098142,1.3900858455125464,-0.6088263318771783
Nebraska,2013,-4,16,-64,10.0,23.0,2.3978952727983707,3.1780538303479458,0.0,-0.5866838417674719,-0.4721019886522534,-0.8105567330422457,-0.693792930098142,1.3900858455125464,-0.5971102807708875
Nebraska,2014,-3,9,-27,5.0,21.0,1.791759469228055,3.091042453358316,0.0,-0.5866838417674719,-0.4721019886522534,-0.8105567330422457,-0.693792930098142,1.3900858455125464,-0.5620729055690268
Nebraska,2015,-2,4,-8,0.0,5.0,0.0,1.791759469228055,0.0,-0.5866838417674719,-0.4721019886522534,-0.8105567330422457,-0.693792930098142,1.3900858455125464,-0.5295582629937846
Nebraska,2016,-1,1,-1,0.0,21.0,0.0,3.091042453358316,0.0,-0.5866838417674719,-0.4721019886522534,-0.8105567330422457,-0.693792930098142,1.3900858455125464,-0.4264220612161134
Nebraska,2017,0,0,0,1.0,5.0,0.6931471805599453,1.791759469228055,0.0,-0.5866838417674719,-0.4721019886522534,-0.8105567330422457,-0.693792930098142,1.3900858455125464,-0.3366230222934318
Nebraska,2018,1,1,1,12.0,6.0,2.5649493574615367,1.9459101490553132,0.0,-0.5866838417674719,-0.4721019886522534,-0.8105567330422457,-0.693792930098142,1.3900858455125464,0.346226653238792
Nebraska,2019,2,4,8,3.0,7.0,1.3862943611198906,2.0794415416798357,0.0,-0.5866838417674719,-0.4721019886522534,-0.8105567330422457,-0.693792930098142,1.3900858455125464,0.2851587960773736
Nebraska,2020,3,9,27,1.0,3.0,0.6931471805599453,1.3862943611198906,1.0,-0.5866838417674719,-0.4721019886522534,-0.8105567330422457,-0.693792930098142,1.3900858455125464,0.3179004474353645
Nebraska,2021,4,16,64,5.0,8.0,1.791759469228055,2.1972245773362196,1.0,-0.5866838417674719,-0.4721019886522534,-0.8105567330422457,-0.693792930098142,1.3900858455125464,0.9956198888944172
Nevada,2011,-6,36,-216,17.0,15.0,2.8903717578961645,2.772588722239781,0.0,0.766366542937218,-0.0558359882035627,-0.11405627188179761,1.2844201802527129,-1.015025432050569,6.143033123838235
Nevada,2012,-5,25,-125,16.0,14.0,2.833213344056216,2.70805020110221,0.0,0.766366542937218,-0.0558359882035627,-0.11405627188179761,1.2844201802527129,-1.015025432050569,7.1074712062392145
Nevada,2013,-4,16,-64,10.0,15.0,2.3978952727983707,2.772588722239781,0.0,0.766366542937218,-0.0558359882035627,-0.11405627188179761,1.2844201802527129,-1.015025432050569,5.60973710651928
Nevada,2014,-3,9,-27,5.0,12.0,1.791759469228055,2.5649493574615367,0.0,0.766366542937218,-0.0558359882035627,-0.11405627188179761,1.2844201802527129,-1.015025432050569,4.486436531729329
Nevada,2015,-2,4,-8,26.0,14.0,3.295836866004329,2.70805020110221,0.0,0.766366542937218,-0.0558359882035627,-0.11405627188179761,1.2844201802527129,-1.015025432050569,2.1532664559589003
Nevada,2016,-1,1,-1,26.0,14.0,3.295836866004329,2.70805020110221,0.0,0.766366542937218,-0.0558359882035627,-0.11405627188179761,1.2844201802527129,-1.015025432050569,1.611274256039263
Nevada,2017,0,0,0,8.0,17.0,2.1972245773362196,2.8903717578961645,0.0,0.766366542937218,-0.0558359882035627,-0.11405627188179761,1.2844201802527129,-1.015025432050569,1.8138962631195652
Nevada,2018,1,1,1,5.0,12.0,1.791759469228055,2.5649493574615367,0.0,0.766366542937218,-0.0558359882035627,-0.11405627188179761,1.2844201802527129,-1.015025432050569,0.7913749491347044
Nevada,2019,2,4,8,20.0,9.0,3.044522437723423,2.302585092994046,0.0,0.766366542937218,-0.0558359882035627,-0.11405627188179761,1.2844201802527129,-1.015025432050569,0.4026358411498449
Nevada,2020,3,9,27,11.0,11.0,2.4849066497880004,2.4849066497880004,1.0,0.766366542937218,-0.0558359882035627,-0.11405627188179761,1.2844201802527129,-1.015025432050569,0.1974635570801309
Nevada,2021,4,16,64,17.0,8.0,2.8903717578961645,2.1972245773362196,1.0,0.766366542937218,-0.0558359882035627,-0.11405627188179761,1.2844201802527129,-1.015025432050569,-0.1237975260444755
New Hampshire,2011,-6,36,-216,9.0,60.0,2.302585092994046,4.110873864173311,0.0,0.6948961309281999,0.6665707002385323,0.6161730561345687,1.2284330167522204,-1.1091756955850682,-0.4549817420732847
New Hampshire,2012,-5,25,-125,3.0,61.0,1.3862943611198906,4.127134385045092,0.0,0.6948961309281999,0.6665707002385323,0.6161730561345687,1.2284330167522204,-1.1091756955850682,-0.5320728218180784
New Hampshire,2013,-4,16,-64,6.0,63.0,1.9459101490553132,4.1588830833596715,0.0,0.6948961309281999,0.6665707002385323,0.6161730561345687,1.2284330167522204,-1.1091756955850682,-0.5268341576007998
New Hampshire,2014,-3,9,-27,5.0,61.0,1.791759469228055,4.127134385045092,0.0,0.6948961309281999,0.6665707002385323,0.6161730561345687,1.2284330167522204,-1.1091756955850682,-0.4931320844696412
New Hampshire,2015,-2,4,-8,1.0,60.0,0.6931471805599453,4.110873864173311,0.0,0.6948961309281999,0.6665707002385323,0.6161730561345687,1.2284330167522204,-1.1091756955850682,-0.5097561122524717
New Hampshire,2016,-1,1,-1,2.0,50.0,1.0986122886681098,3.9318256327243257,0.0,0.6948961309281999,0.6665707002385323,0.6161730561345687,1.2284330167522204,-1.1091756955850682,-0.4736463079594895
New Hampshire,2017,0,0,0,0.0,40.0,0.0,3.713572066704308,0.0,0.6948961309281999,0.6665707002385323,0.6161730561345687,1.2284330167522204,-1.1091756955850682,-0.4760191146931979
New Hampshire,2018,1,1,1,5.0,40.0,1.791759469228055,3.713572066704308,0.0,0.6948961309281999,0.6665707002385323,0.6161730561345687,1.2284330167522204,-1.1091756955850682,-0.528678167405282
New Hampshire,2019,2,4,8,5.0,45.0,1.791759469228055,3.828641396489095,0.0,0.6948961309281999,0.6665707002385323,0.6161730561345687,1.2284330167522204,-1.1091756955850682,-0.5013952041616953
New Hampshire,2020,3,9,27,6.0,18.0,1.9459101490553132,2.9444389791664403,1.0,0.6948961309281999,0.6665707002385323,0.6161730561345687,1.2284330167522204,-1.1091756955850682,-0.4583505290149222
New Hampshire,2021,4,16,64,7.0,41.0,2.0794415416798357,3.7376696182833684,1.0,0.6948961309281999,0.6665707002385323,0.6161730561345687,1.2284330167522204,-1.1091756955850682,-0.5135178111388143
New Jersey,2011,-6,36,-216,165.0,185.0,5.111987788356544,5.225746673713202,0.0,-0.6189098769717806,-0.5664019504613296,0.21257228611631362,-0.09659651942617949,-0.5656719015450048,-0.6287361234576596
New Jersey,2012,-5,25,-125,161.0,181.0,5.087596335232384,5.204006687076795,0.0,-0.6189098769717806,-0.5664019504613296,0.21257228611631362,-0.09659651942617949,-0.5656719015450048,-0.6201391854610753
New Jersey,2013,-4,16,-64,68.0,132.0,4.23410650459726,4.890349128221754,0.0,-0.6189098769717806,-0.5664019504613296,0.21257228611631362,-0.09659651942617949,-0.5656719015450048,-0.6142543667266354
New Jersey,2014,-3,9,-27,52.0,149.0,3.970291913552122,5.0106352940962555,0.0,-0.6189098769717806,-0.5664019504613296,0.21257228611631362,-0.09659651942617949,-0.5656719015450048,-0.6080117543594331
New Jersey,2015,-2,4,-8,32.0,174.0,3.4965075614664802,5.1647859739235145,0.0,-0.6189098769717806,-0.5664019504613296,0.21257228611631362,-0.09659651942617949,-0.5656719015450048,-0.6236397991600912
New Jersey,2016,-1,1,-1,96.0,442.0,4.574710978503383,6.093569770045136,0.0,-0.6189098769717806,-0.5664019504613296,0.21257228611631362,-0.09659651942617949,-0.5656719015450048,-0.6277677736067698
New Jersey,2017,0,0,0,35.0,66.0,3.58351893845611,4.204692619390966,0.0,-0.6189098769717806,-0.5664019504613296,0.21257228611631362,-0.09659651942617949,-0.5656719015450048,-0.6090314516581113
New Jersey,2018,1,1,1,107.0,66.0,4.68213122712422,4.204692619390966,0.0,-0.6189098769717806,-0.5664019504613296,0.21257228611631362,-0.09659651942617949,-0.5656719015450048,-0.5600865787199754
New Jersey,2019,2,4,8,110.0,34.0,4.709530201312334,3.5553480614894135,0.0,-0.6189098769717806,-0.5664019504613296,0.21257228611631362,-0.09659651942617949,-0.5656719015450048,-0.5362533795993917
New Jersey,2020,3,9,27,151.0,78.0,5.0238805208462765,4.3694478524670215,1.0,-0.6189098769717806,-0.5664019504613296,0.21257228611631362,-0.09659651942617949,-0.5656719015450048,-0.5705924116510088
New Jersey,2021,4,16,64,83.0,71.0,4.430816798843313,4.276666119016055,1.0,-0.6189098769717806,-0.5664019504613296,0.21257228611631362,-0.09659651942617949,-0.5656719015450048,-0.5134024446818695
New Mexico,2011,-6,36,-216,40.0,58.0,3.713572066704308,4.07753744390572,0.0,3.2088734088713187,-0.2019608678344142,-0.23350650338080953,-2.623483832081895,0.22604622363146562,-0.6317414542868126
New Mexico,2012,-5,25,-125,5.0,34.0,1.791759469228055,3.5553480614894135,0.0,3.2088734088713187,-0.2019608678344142,-0.23350650338080953,-2.623483832081895,0.22604622363146562,-0.6685838890914868
New Mexico,2013,-4,16,-64,1.0,23.0,0.6931471805599453,3.1780538303479458,0.0,3.2088734088713187,-0.2019608678344142,-0.23350650338080953,-2.623483832081895,0.22604622363146562,-0.6709128314118927
New Mexico,2014,-3,9,-27,4.0,26.0,1.6094379124341003,3.295836866004329,0.0,3.2088734088713187,-0.2019608678344142,-0.23350650338080953,-2.623483832081895,0.22604622363146562,-0.676802238922102
New Mexico,2015,-2,4,-8,18.0,29.0,2.9444389791664403,3.4011973816621555,0.0,3.2088734088713187,-0.2019608678344142,-0.23350650338080953,-2.623483832081895,0.22604622363146562,-0.6660593630929436
New Mexico,2016,-1,1,-1,5.0,28.0,1.791759469228055,3.367295829986474,0.0,3.2088734088713187,-0.2019608678344142,-0.23350650338080953,-2.623483832081895,0.22604622363146562,-0.6452809441674247
New Mexico,2017,0,0,0,0.0,38.0,0.0,3.6635616461296463,0.0,3.2088734088713187,-0.2019608678344142,-0.23350650338080953,-2.623483832081895,0.22604622363146562,-0.6306769379525322
New Mexico,2018,1,1,1,25.0,24.0,3.258096538021482,3.2188758248682006,0.0,3.2088734088713187,-0.2019608678344142,-0.23350650338080953,-2.623483832081895,0.22604622363146562,-0.6280815386049208
New Mexico,2019,2,4,8,10.0,15.0,2.3978952727983707,2.772588722239781,0.0,3.2088734088713187,-0.2019608678344142,-0.23350650338080953,-2.623483832081895,0.22604622363146562,-0.6050671010646932
New Mexico,2020,3,9,27,7.0,6.0,2.0794415416798357,1.9459101490553132,1.0,3.2088734088713187,-0.2019608678344142,-0.23350650338080953,-2.623483832081895,0.22604622363146562,-0.5153231598508871
New Mexico,2021,4,16,64,1.0,18.0,0.6931471805599453,2.9444389791664403,1.0,3.2088734088713187,-0.2019608678344142,-0.23350650338080953,-2.623483832081895,0.22604622363146562,-0.5018269491673758
New York,2011,-6,36,-216,20.0,37.0,3.044522437723423,3.6375861597263857,0.0,0.1713885117776164,-0.1469786163772017,0.06923056003450803,0.35876574371118103,-1.1091756955850682,-0.0087902512167303
New York,2012,-5,25,-125,19.0,30.0,2.995732273553991,3.4339872044851463,0.0,0.1713885117776164,-0.1469786163772017,0.06923056003450803,0.35876574371118103,-1.1091756955850682,-0.2452776630942494
New York,2013,-4,16,-64,41.0,56.0,3.7376696182833684,4.04305126783455,0.0,0.1713885117776164,-0.1469786163772017,0.06923056003450803,0.35876574371118103,-1.1091756955850682,-0.1866816783910156
New York,2014,-3,9,-27,48.0,99.0,3.8918202981106265,4.605170185988092,0.0,0.1713885117776164,-0.1469786163772017,0.06923056003450803,0.35876574371118103,-1.1091756955850682,-0.1137130974262143
New York,2015,-2,4,-8,7.0,4.0,2.0794415416798357,1.6094379124341003,0.0,0.1713885117776164,-0.1469786163772017,0.06923056003450803,0.35876574371118103,-1.1091756955850682,-0.0199196768490976
New York,2016,-1,1,-1,4.0,12.0,1.6094379124341003,2.5649493574615367,0.0,0.1713885117776164,-0.1469786163772017,0.06923056003450803,0.35876574371118103,-1.1091756955850682,0.08063206132608
New York,2017,0,0,0,15.0,19.0,2.772588722239781,2.995732273553991,0.0,0.1713885117776164,-0.1469786163772017,0.06923056003450803,0.35876574371118103,-1.1091756955850682,-0.0348759633781879
New York,2018,1,1,1,14.0,20.0,2.70805020110221,3.044522437723423,0.0,0.1713885117776164,-0.1469786163772017,0.06923056003450803,0.35876574371118103,-1.1091756955850682,-0.1371774880341588
New York,2019,2,4,8,18.0,23.0,2.9444389791664403,3.1780538303479458,0.0,0.1713885117776164,-0.1469786163772017,0.06923056003450803,0.35876574371118103,-1.1091756955850682,0.0900059720391213
New York,2020,3,9,27,12.0,12.0,2.5649493574615367,2.5649493574615367,1.0,0.1713885117776164,-0.1469786163772017,0.06923056003450803,0.35876574371118103,-1.1091756955850682,0.6126888751053491
New York,2021,4,16,64,5.0,10.0,1.791759469228055,2.3978952727983707,1.0,0.1713885117776164,-0.1469786163772017,0.06923056003450803,0.35876574371118103,-1.1091756955850682,0.1038680146998998
North Carolina,2011,-6,36,-216,64.0,363.0,4.174387269895637,5.8971538676367405,0.0,-0.647306347364818,-0.5558093237481816,-0.1556745254187811,1.1836432859518262,0.11905728779680745,0.8957284544294111
North Carolina,2012,-5,25,-125,67.0,333.0,4.219507705176107,5.811140992976701,0.0,-0.647306347364818,-0.5558093237481816,-0.1556745254187811,1.1836432859518262,0.11905728779680745,1.0312643215142323
North Carolina,2013,-4,16,-64,90.0,419.0,4.51085950651685,6.040254711277414,0.0,-0.647306347364818,-0.5558093237481816,-0.1556745254187811,1.1836432859518262,0.11905728779680745,1.1797023823703212
North Carolina,2014,-3,9,-27,85.0,379.0,4.454347296253507,5.940171252720432,0.0,-0.647306347364818,-0.5558093237481816,-0.1556745254187811,1.1836432859518262,0.11905728779680745,1.5543125137833873
North Carolina,2015,-2,4,-8,70.0,395.0,4.2626798770413155,5.981414211254481,0.0,-0.647306347364818,-0.5558093237481816,-0.1556745254187811,1.1836432859518262,0.11905728779680745,1.4601911800129497
North Carolina,2016,-1,1,-1,93.0,369.0,4.543294782270004,5.91350300563827,0.0,-0.647306347364818,-0.5558093237481816,-0.1556745254187811,1.1836432859518262,0.11905728779680745,1.7988095181425707
North Carolina,2017,0,0,0,106.0,281.0,4.672828834461906,5.641907070938114,0.0,-0.647306347364818,-0.5558093237481816,-0.1556745254187811,1.1836432859518262,0.11905728779680745,2.1105744001741993
North Carolina,2018,1,1,1,90.0,369.0,4.51085950651685,5.91350300563827,0.0,-0.647306347364818,-0.5558093237481816,-0.1556745254187811,1.1836432859518262,0.11905728779680745,2.1106454746288907
North Carolina,2019,2,4,8,120.0,444.0,4.795790545596741,6.09807428216624,0.0,-0.647306347364818,-0.5558093237481816,-0.1556745254187811,1.1836432859518262,0.11905728779680745,2.0177766158258983
North Carolina,2020,3,9,27,46.0,271.0,3.8501476017100584,5.605802066295998,1.0,-0.647306347364818,-0.5558093237481816,-0.1556745254187811,1.1836432859518262,0.11905728779680745,1.2406786266056706
North Carolina,2021,4,16,64,93.0,354.0,4.543294782270004,5.872117789475416,1.0,-0.647306347364818,-0.5558093237481816,-0.1556745254187811,1.1836432859518262,0.11905728779680745,1.8399481122578445
North Dakota,2011,-6,36,-216,,16.0,,2.833213344056216,0.0,-0.4235018139677094,0.3994570074253707,-1.4962139253518068,-0.2682904874943743,-0.6255857056124132,0.4091186881187269
North Dakota,2012,-5,25,-125,7.0,16.0,2.0794415416798357,2.833213344056216,0.0,-0.4235018139677094,0.3994570074253707,-1.4962139253518068,-0.2682904874943743,-0.6255857056124132,0.2477261590339105
North Dakota,2013,-4,16,-64,2.0,15.0,1.0986122886681098,2.772588722239781,0.0,-0.4235018139677094,0.3994570074253707,-1.4962139253518068,-0.2682904874943743,-0.6255857056124132,0.2656447718680111
North Dakota,2014,-3,9,-27,0.0,15.0,0.0,2.772588722239781,0.0,-0.4235018139677094,0.3994570074253707,-1.4962139253518068,-0.2682904874943743,-0.6255857056124132,0.2112936306137461
North Dakota,2015,-2,4,-8,1.0,16.0,0.6931471805599453,2.833213344056216,0.0,-0.4235018139677094,0.3994570074253707,-1.4962139253518068,-0.2682904874943743,-0.6255857056124132,0.7115860633638467
North Dakota,2016,-1,1,-1,0.0,12.0,0.0,2.5649493574615367,0.0,-0.4235018139677094,0.3994570074253707,-1.4962139253518068,-0.2682904874943743,-0.6255857056124132,0.2828267455548432
North Dakota,2017,0,0,0,0.0,14.0,0.0,2.70805020110221,0.0,-0.4235018139677094,0.3994570074253707,-1.4962139253518068,-0.2682904874943743,-0.6255857056124132,0.513680970711102
North Dakota,2018,1,1,1,0.0,14.0,0.0,2.70805020110221,0.0,-0.4235018139677094,0.3994570074253707,-1.4962139253518068,-0.2682904874943743,-0.6255857056124132,0.8736202252843663
North Dakota,2019,2,4,8,0.0,15.0,0.0,2.772588722239781,0.0,-0.4235018139677094,0.3994570074253707,-1.4962139253518068,-0.2682904874943743,-0.6255857056124132,1.2668844703953717
North Dakota,2020,3,9,27,0.0,9.0,0.0,2.302585092994046,1.0,-0.4235018139677094,0.3994570074253707,-1.4962139253518068,-0.2682904874943743,-0.6255857056124132,1.8460050136570476
North Dakota,2021,4,16,64,0.0,12.0,0.0,2.5649493574615367,1.0,-0.4235018139677094,0.3994570074253707,-1.4962139253518068,-0.2682904874943743,-0.6255857056124132,2.4897196653136144
Ohio,2011,-6,36,-216,12.0,19.0,2.5649493574615367,2.995732273553991,0.0,-0.723837118651207,-0.5647160770815218,-0.2523640046680265,-0.010749535392089234,-0.0007703203380097199,-0.5909435464937595
Ohio,2012,-5,25,-125,7.0,10.0,2.0794415416798357,2.3978952727983707,0.0,-0.723837118651207,-0.5647160770815218,-0.2523640046680265,-0.010749535392089234,-0.0007703203380097199,-0.5961154918743085
Ohio,2013,-4,16,-64,9.0,10.0,2.302585092994046,2.3978952727983707,0.0,-0.723837118651207,-0.5647160770815218,-0.2523640046680265,-0.010749535392089234,-0.0007703203380097199,-0.6012634869032111
Ohio,2014,-3,9,-27,5.0,8.0,1.791759469228055,2.1972245773362196,0.0,-0.723837118651207,-0.5647160770815218,-0.2523640046680265,-0.010749535392089234,-0.0007703203380097199,-0.5918785452066853
Ohio,2015,-2,4,-8,2.0,10.0,1.0986122886681098,2.3978952727983707,0.0,-0.723837118651207,-0.5647160770815218,-0.2523640046680265,-0.010749535392089234,-0.0007703203380097199,-0.5799557765443676
Ohio,2016,-1,1,-1,4.0,8.0,1.6094379124341003,2.1972245773362196,0.0,-0.723837118651207,-0.5647160770815218,-0.2523640046680265,-0.010749535392089234,-0.0007703203380097199,-0.5381213552062444
Ohio,2017,0,0,0,9.0,21.0,2.302585092994046,3.091042453358316,0.0,-0.723837118651207,-0.5647160770815218,-0.2523640046680265,-0.010749535392089234,-0.0007703203380097199,-0.5199022379350928
Ohio,2018,1,1,1,34.0,21.0,3.5553480614894135,3.091042453358316,0.0,-0.723837118651207,-0.5647160770815218,-0.2523640046680265,-0.010749535392089234,-0.0007703203380097199,-0.5116572896159851
Ohio,2019,2,4,8,27.0,24.0,3.332204510175204,3.2188758248682006,0.0,-0.723837118651207,-0.5647160770815218,-0.2523640046680265,-0.010749535392089234,-0.0007703203380097199,-0.4055762381680198
Ohio,2020,3,9,27,32.0,25.0,3.4965075614664802,3.258096538021482,1.0,-0.723837118651207,-0.5647160770815218,-0.2523640046680265,-0.010749535392089234,-0.0007703203380097199,-0.3611594851448963
Ohio,2021,4,16,64,22.0,25.0,3.1354942159291497,3.258096538021482,1.0,-0.723837118651207,-0.5647160770815218,-0.2523640046680265,-0.010749535392089234,-0.0007703203380097199,-0.3257021933086619
Oklahoma,2011,-6,36,-216,9.0,40.0,2.302585092994046,3.713572066704308,0.0,0.9012486431585212,0.7623846512227732,-0.607381310092173,-1.555995248005771,0.11049817293003483,-0.608802353684379
Oklahoma,2012,-5,25,-125,8.0,36.0,2.1972245773362196,3.6109179126442243,0.0,0.9012486431585212,0.7623846512227732,-0.607381310092173,-1.555995248005771,0.11049817293003483,-0.6087272220136081
Oklahoma,2013,-4,16,-64,5.0,31.0,1.791759469228055,3.4657359027997265,0.0,0.9012486431585212,0.7623846512227732,-0.607381310092173,-1.555995248005771,0.11049817293003483,-0.5622433919220629
Oklahoma,2014,-3,9,-27,6.0,30.0,1.9459101490553132,3.4339872044851463,0.0,0.9012486431585212,0.7623846512227732,-0.607381310092173,-1.555995248005771,0.11049817293003483,-0.4232697957669087
Oklahoma,2015,-2,4,-8,10.0,25.0,2.3978952727983707,3.258096538021482,0.0,0.9012486431585212,0.7623846512227732,-0.607381310092173,-1.555995248005771,0.11049817293003483,-0.4919541787577561
Oklahoma,2016,-1,1,-1,13.0,25.0,2.6390573296152584,3.258096538021482,0.0,0.9012486431585212,0.7623846512227732,-0.607381310092173,-1.555995248005771,0.11049817293003483,-0.4561870287277864
Oklahoma,2017,0,0,0,1.0,19.0,0.6931471805599453,2.995732273553991,0.0,0.9012486431585212,0.7623846512227732,-0.607381310092173,-1.555995248005771,0.11049817293003483,-0.4406686085550024
Oklahoma,2018,1,1,1,5.0,16.0,1.791759469228055,2.833213344056216,0.0,0.9012486431585212,0.7623846512227732,-0.607381310092173,-1.555995248005771,0.11049817293003483,-0.3833858652511466
Oklahoma,2019,2,4,8,20.0,20.0,3.044522437723423,3.044522437723423,0.0,0.9012486431585212,0.7623846512227732,-0.607381310092173,-1.555995248005771,0.11049817293003483,-0.369973583323431
Oklahoma,2020,3,9,27,7.0,10.0,2.0794415416798357,2.3978952727983707,1.0,0.9012486431585212,0.7623846512227732,-0.607381310092173,-1.555995248005771,0.11049817293003483,-0.3676510228330119
Oklahoma,2021,4,16,64,3.0,8.0,1.3862943611198906,2.1972245773362196,1.0,0.9012486431585212,0.7623846512227732,-0.607381310092173,-1.555995248005771,0.11049817293003483,-0.4149435156634782
Oregon,2011,-6,36,-216,108.0,58.0,4.6913478822291435,4.07753744390572,0.0,3.1054358024475177,-0.2267317078657854,-0.36641105468131785,-0.8244296449326263,-0.03500677980510021,-0.6872244026671409
Oregon,2012,-5,25,-125,166.0,81.0,5.117993812416755,4.406719247264253,0.0,3.1054358024475177,-0.2267317078657854,-0.36641105468131785,-0.8244296449326263,-0.03500677980510021,-0.6879350975670169
Oregon,2013,-4,16,-64,99.0,63.0,4.605170185988092,4.1588830833596715,0.0,3.1054358024475177,-0.2267317078657854,-0.36641105468131785,-0.8244296449326263,-0.03500677980510021,-0.6846453775083312
Oregon,2014,-3,9,-27,124.0,61.0,4.8283137373023015,4.127134385045092,0.0,3.1054358024475177,-0.2267317078657854,-0.36641105468131785,-0.8244296449326263,-0.03500677980510021,-0.6827900000623545
Oregon,2015,-2,4,-8,83.0,46.0,4.430816798843313,3.8501476017100584,0.0,3.1054358024475177,-0.2267317078657854,-0.36641105468131785,-0.8244296449326263,-0.03500677980510021,-0.6663766503810489
Oregon,2016,-1,1,-1,91.0,37.0,4.5217885770490405,3.6375861597263857,0.0,3.1054358024475177,-0.2267317078657854,-0.36641105468131785,-0.8244296449326263,-0.03500677980510021,-0.6472025423470382
Oregon,2017,0,0,0,99.0,23.0,4.605170185988092,3.1780538303479458,0.0,3.1054358024475177,-0.2267317078657854,-0.36641105468131785,-0.8244296449326263,-0.03500677980510021,-0.6257718136671231
Oregon,2018,1,1,1,86.0,41.0,4.465908118654584,3.7376696182833684,0.0,3.1054358024475177,-0.2267317078657854,-0.36641105468131785,-0.8244296449326263,-0.03500677980510021,-0.5976317435131965
Oregon,2019,2,4,8,57.0,34.0,4.060443010546419,3.5553480614894135,0.0,3.1054358024475177,-0.2267317078657854,-0.36641105468131785,-0.8244296449326263,-0.03500677980510021,-0.5974815342819597
Oregon,2020,3,9,27,0.0,0.0,0.0,0.0,1.0,3.1054358024475177,-0.2267317078657854,-0.36641105468131785,-0.8244296449326263,-0.03500677980510021,-0.6031309597171532
Oregon,2021,4,16,64,0.0,0.0,0.0,0.0,1.0,3.1054358024475177,-0.2267317078657854,-0.36641105468131785,-0.8244296449326263,-0.03500677980510021,-0.5870970705095633
Pennsylvania,2011,-6,36,-216,16.0,150.0,2.833213344056216,5.017279836814924,0.0,-0.7725339896155831,-0.5918692616522178,0.006910807480276581,-0.12272386239307921,-0.5956288035787091,-0.6427024294807814
Pennsylvania,2012,-5,25,-125,15.0,70.0,2.772588722239781,4.2626798770413155,0.0,-0.7725339896155831,-0.5918692616522178,0.006910807480276581,-0.12272386239307921,-0.5956288035787091,-0.6414326545032581
Pennsylvania,2013,-4,16,-64,17.0,76.0,2.8903717578961645,4.343805421853684,0.0,-0.7725339896155831,-0.5918692616522178,0.006910807480276581,-0.12272386239307921,-0.5956288035787091,-0.6328826431045239
Pennsylvania,2014,-3,9,-27,11.0,69.0,2.4849066497880004,4.248495242049359,0.0,-0.7725339896155831,-0.5918692616522178,0.006910807480276581,-0.12272386239307921,-0.5956288035787091,-0.6173678001194044
Pennsylvania,2015,-2,4,-8,18.0,57.0,2.9444389791664403,4.060443010546419,0.0,-0.7725339896155831,-0.5918692616522178,0.006910807480276581,-0.12272386239307921,-0.5956288035787091,-0.604254130926152
Pennsylvania,2016,-1,1,-1,15.0,63.0,2.772588722239781,4.1588830833596715,0.0,-0.7725339896155831,-0.5918692616522178,0.006910807480276581,-0.12272386239307921,-0.5956288035787091,-0.6031662576685639
Pennsylvania,2017,0,0,0,63.0,65.0,4.1588830833596715,4.189654742026425,0.0,-0.7725339896155831,-0.5918692616522178,0.006910807480276581,-0.12272386239307921,-0.5956288035787091,-0.5714066329092462
Pennsylvania,2018,1,1,1,19.0,62.0,2.995732273553991,4.143134726391533,0.0,-0.7725339896155831,-0.5918692616522178,0.006910807480276581,-0.12272386239307921,-0.5956288035787091,-0.5525599644303517
Pennsylvania,2019,2,4,8,10.0,67.0,2.3978952727983707,4.219507705176107,0.0,-0.7725339896155831,-0.5918692616522178,0.006910807480276581,-0.12272386239307921,-0.5956288035787091,-0.5428725295890833
Pennsylvania,2020,3,9,27,12.0,20.0,2.5649493574615367,3.044522437723423,1.0,-0.7725339896155831,-0.5918692616522178,0.006910807480276581,-0.12272386239307921,-0.5956288035787091,-0.5135628749170276
Pennsylvania,2021,4,16,64,0.0,61.0,0.0,4.127134385045092,1.0,-0.7725339896155831,-0.5918692616522178,0.006910807480276581,-0.12272386239307921,-0.5956288035787091,-0.5179633528595414
Rhode Island,2011,-6,36,-216,9.0,12.0,2.302585092994046,2.5649493574615367,0.0,,-0.597016294507755,0.9596692305059465,1.6688653696227844,-1.1091756955850682,-0.6703735571542317
Rhode Island,2012,-5,25,-125,13.0,13.0,2.6390573296152584,2.6390573296152584,0.0,,-0.597016294507755,0.9596692305059465,1.6688653696227844,-1.1091756955850682,-0.6703735571542317
Rhode Island,2013,-4,16,-64,8.0,15.0,2.1972245773362196,2.772588722239781,0.0,,-0.597016294507755,0.9596692305059465,1.6688653696227844,-1.1091756955850682,-0.6703735571542317
Rhode Island,2014,-3,9,-27,7.0,13.0,2.0794415416798357,2.6390573296152584,0.0,,-0.597016294507755,0.9596692305059465,1.6688653696227844,-1.1091756955850682,-0.6703735571542317
Rhode Island,2015,-2,4,-8,17.0,13.0,2.8903717578961645,2.6390573296152584,0.0,,-0.597016294507755,0.9596692305059465,1.6688653696227844,-1.1091756955850682,-0.6593723622979468
Rhode Island,2016,-1,1,-1,16.0,15.0,2.833213344056216,2.772588722239781,0.0,,-0.597016294507755,0.9596692305059465,1.6688653696227844,-1.1091756955850682,-0.6703735571542317
Rhode Island,2017,0,0,0,15.0,16.0,2.772588722239781,2.833213344056216,0.0,,-0.597016294507755,0.9596692305059465,1.6688653696227844,-1.1091756955850682,-0.6593723622979468
Rhode Island,2018,1,1,1,46.0,3.0,3.8501476017100584,1.3862943611198906,0.0,,-0.597016294507755,0.9596692305059465,1.6688653696227844,-1.1091756955850682,-0.6648729597260893
Rhode Island,2019,2,4,8,10.0,1.0,2.3978952727983707,0.6931471805599453,0.0,,-0.597016294507755,0.9596692305059465,1.6688653696227844,-1.1091756955850682,-0.6648729597260893
Rhode Island,2020,3,9,27,8.0,2.0,2.1972245773362196,1.0986122886681098,1.0,,-0.597016294507755,0.9596692305059465,1.6688653696227844,-1.1091756955850682,-0.6703735571542317
Rhode Island,2021,4,16,64,9.0,1.0,2.302585092994046,0.6931471805599453,1.0,,-0.597016294507755,0.9596692305059465,1.6688653696227844,-1.1091756955850682,-0.6703735571542317
South Carolina,2011,-6,36,-216,29.0,71.0,3.4011973816621555,4.276666119016055,0.0,0.7237840597140189,0.0616895919378819,-0.0803512894961854,-0.6676655871312375,-0.4073282765097107,-0.1959117687370201
South Carolina,2012,-5,25,-125,23.0,79.0,3.1780538303479458,4.382026634673881,0.0,0.7237840597140189,0.0616895919378819,-0.0803512894961854,-0.6676655871312375,-0.4073282765097107,-0.0553958724157692
South Carolina,2013,-4,16,-64,25.0,63.0,3.258096538021482,4.1588830833596715,0.0,0.7237840597140189,0.0616895919378819,-0.0803512894961854,-0.6676655871312375,-0.4073282765097107,0.0132383253669576
South Carolina,2014,-3,9,-27,0.0,3.0,0.0,1.3862943611198906,0.0,0.7237840597140189,0.0616895919378819,-0.0803512894961854,-0.6676655871312375,-0.4073282765097107,0.1137598015178363
South Carolina,2015,-2,4,-8,54.0,209.0,4.007333185232471,5.3471075307174685,0.0,0.7237840597140189,0.0616895919378819,-0.0803512894961854,-0.6676655871312375,-0.4073282765097107,0.1579099523479949
South Carolina,2016,-1,1,-1,53.0,143.0,3.9889840465642745,4.969813299576001,0.0,0.7237840597140189,0.0616895919378819,-0.0803512894961854,-0.6676655871312375,-0.4073282765097107,0.2293585727049422
South Carolina,2017,0,0,0,40.0,140.0,3.713572066704308,4.948759890378168,0.0,0.7237840597140189,0.0616895919378819,-0.0803512894961854,-0.6676655871312375,-0.4073282765097107,0.1973456871352421
South Carolina,2018,1,1,1,89.0,70.0,4.499809670330265,4.2626798770413155,0.0,0.7237840597140189,0.0616895919378819,-0.0803512894961854,-0.6676655871312375,-0.4073282765097107,0.3448304556773119
South Carolina,2019,2,4,8,59.0,64.0,4.0943445622221,4.174387269895637,0.0,0.7237840597140189,0.0616895919378819,-0.0803512894961854,-0.6676655871312375,-0.4073282765097107,0.2634707262178404
South Carolina,2020,3,9,27,46.0,69.0,3.8501476017100584,4.248495242049359,1.0,0.7237840597140189,0.0616895919378819,-0.0803512894961854,-0.6676655871312375,-0.4073282765097107,0.1677437878180017
South Carolina,2021,4,16,64,66.0,69.0,4.204692619390966,4.248495242049359,1.0,0.7237840597140189,0.0616895919378819,-0.0803512894961854,-0.6676655871312375,-0.4073282765097107,0.6761726932550436
South Dakota,2011,-6,36,-216,3.0,132.0,1.3862943611198906,4.890349128221754,0.0,-0.2703964579534086,4.940758992172232,-0.845034978419255,-0.34667251639506397,0.3116373722991923,0.1327136673545681
South Dakota,2012,-5,25,-125,7.0,101.0,2.0794415416798357,4.624972813284271,0.0,-0.2703964579534086,4.940758992172232,-0.845034978419255,-0.34667251639506397,0.3116373722991923,0.5657607012428748
South Dakota,2013,-4,16,-64,4.0,105.0,1.6094379124341003,4.663439094112067,0.0,-0.2703964579534086,4.940758992172232,-0.845034978419255,-0.34667251639506397,0.3116373722991923,0.2500597458216074
South Dakota,2014,-3,9,-27,30.0,66.0,3.4339872044851463,4.204692619390966,0.0,-0.2703964579534086,4.940758992172232,-0.845034978419255,-0.34667251639506397,0.3116373722991923,0.4178984878598005
South Dakota,2015,-2,4,-8,3.0,1.0,1.3862943611198906,0.6931471805599453,0.0,-0.2703964579534086,4.940758992172232,-0.845034978419255,-0.34667251639506397,0.3116373722991923,0.8097872053277406
South Dakota,2016,-1,1,-1,0.0,82.0,0.0,4.418840607796598,0.0,-0.2703964579534086,4.940758992172232,-0.845034978419255,-0.34667251639506397,0.3116373722991923,1.3269544867534988
South Dakota,2017,0,0,0,0.0,121.0,0.0,4.804021044733257,0.0,-0.2703964579534086,4.940758992172232,-0.845034978419255,-0.34667251639506397,0.3116373722991923,2.494827362925461
South Dakota,2018,1,1,1,0.0,487.0,0.0,6.1903154058531475,0.0,-0.2703964579534086,4.940758992172232,-0.845034978419255,-0.34667251639506397,0.3116373722991923,2.9792728364182937
South Dakota,2019,2,4,8,0.0,370.0,0.0,5.916202062607435,0.0,-0.2703964579534086,4.940758992172232,-0.845034978419255,-0.34667251639506397,0.3116373722991923,2.8676107086270015
South Dakota,2020,3,9,27,0.0,561.0,0.0,6.331501849893691,1.0,-0.2703964579534086,4.940758992172232,-0.845034978419255,-0.34667251639506397,0.3116373722991923,4.233409050034775
South Dakota,2021,4,16,64,0.0,262.0,0.0,5.572154032177765,1.0,-0.2703964579534086,4.940758992172232,-0.845034978419255,-0.34667251639506397,0.3116373722991923,6.539076138664493
Tennessee,2011,-6,36,-216,7.0,44.0,2.0794415416798357,3.8066624897703196,0.0,-0.7835612294433079,-0.597016294507755,-0.14973711114473684,0.8103955292818484,-0.47152163801050556,-0.242000500301341
Tennessee,2012,-5,25,-125,1.0,40.0,0.6931471805599453,3.713572066704308,0.0,-0.7835612294433079,-0.597016294507755,-0.14973711114473684,0.8103955292818484,-0.47152163801050556,-0.0829362607318846
Tennessee,2013,-4,16,-64,0.0,54.0,0.0,4.007333185232471,0.0,-0.7835612294433079,-0.597016294507755,-0.14973711114473684,0.8103955292818484,-0.47152163801050556,0.0940566909845669
Tennessee,2014,-3,9,-27,0.0,32.0,0.0,3.4965075614664802,0.0,-0.7835612294433079,-0.597016294507755,-0.14973711114473684,0.8103955292818484,-0.47152163801050556,0.7648986089796858
Tennessee,2015,-2,4,-8,4.0,35.0,1.6094379124341003,3.58351893845611,0.0,-0.7835612294433079,-0.597016294507755,-0.14973711114473684,0.8103955292818484,-0.47152163801050556,1.0814923913114656
Tennessee,2016,-1,1,-1,4.0,42.0,1.6094379124341003,3.7612001156935624,0.0,-0.7835612294433079,-0.597016294507755,-0.14973711114473684,0.8103955292818484,-0.47152163801050556,0.785451228827474
Tennessee,2017,0,0,0,7.0,43.0,2.0794415416798357,3.784189633918261,0.0,-0.7835612294433079,-0.597016294507755,-0.14973711114473684,0.8103955292818484,-0.47152163801050556,0.2977315901988421
Tennessee,2018,1,1,1,0.0,39.0,0.0,3.6888794541139363,0.0,-0.7835612294433079,-0.597016294507755,-0.14973711114473684,0.8103955292818484,-0.47152163801050556,0.1868568028237351
Tennessee,2019,2,4,8,8.0,30.0,2.1972245773362196,3.4339872044851463,0.0,-0.7835612294433079,-0.597016294507755,-0.14973711114473684,0.8103955292818484,-0.47152163801050556,-0.0667608280584472
Tennessee,2020,3,9,27,1.0,32.0,0.6931471805599453,3.4965075614664802,1.0,-0.7835612294433079,-0.597016294507755,-0.14973711114473684,0.8103955292818484,-0.47152163801050556,0.1507773576741471
Tennessee,2021,4,16,64,0.0,28.0,0.0,3.367295829986474,1.0,-0.7835612294433079,-0.597016294507755,-0.14973711114473684,0.8103955292818484,-0.47152163801050556,0.80719168532918
Texas,2011,-6,36,-216,16.0,240.0,2.833213344056216,5.484796933490655,0.0,0.2116082695171959,-0.2305307872565118,-0.40840395995223766,-0.9102766289667166,0.20464843646453398,-0.5934343830649937
Texas,2012,-5,25,-125,22.0,178.0,3.1354942159291497,5.187385805840755,0.0,0.2116082695171959,-0.2305307872565118,-0.40840395995223766,-0.9102766289667166,0.20464843646453398,-0.5871864398847896
Texas,2013,-4,16,-64,27.0,65.0,3.332204510175204,4.189654742026425,0.0,0.2116082695171959,-0.2305307872565118,-0.40840395995223766,-0.9102766289667166,0.20464843646453398,-0.5771884361783819
Texas,2014,-3,9,-27,44.0,123.0,3.8066624897703196,4.820281565605037,0.0,0.2116082695171959,-0.2305307872565118,-0.40840395995223766,-0.9102766289667166,0.20464843646453398,-0.5649750128859535
Texas,2015,-2,4,-8,60.0,87.0,4.110873864173311,4.477336814478207,0.0,0.2116082695171959,-0.2305307872565118,-0.40840395995223766,-0.9102766289667166,0.20464843646453398,-0.584959151962358
Texas,2016,-1,1,-1,50.0,61.0,3.9318256327243257,4.127134385045092,0.0,0.2116082695171959,-0.2305307872565118,-0.40840395995223766,-0.9102766289667166,0.20464843646453398,-0.5581656753715369
Texas,2017,0,0,0,20.0,75.0,3.044522437723423,4.330733340286331,0.0,0.2116082695171959,-0.2305307872565118,-0.40840395995223766,-0.9102766289667166,0.20464843646453398,-0.5435808004953827
Texas,2018,1,1,1,41.0,78.0,3.7376696182833684,4.3694478524670215,0.0,0.2116082695171959,-0.2305307872565118,-0.40840395995223766,-0.9102766289667166,0.20464843646453398,-0.4801546593087764
Texas,2019,2,4,8,23.0,84.0,3.1780538303479458,4.442651256490317,0.0,0.2116082695171959,-0.2305307872565118,-0.40840395995223766,-0.9102766289667166,0.20464843646453398,-0.4448735097000713
Texas,2020,3,9,27,15.0,94.0,2.772588722239781,4.553876891600541,1.0,0.2116082695171959,-0.2305307872565118,-0.40840395995223766,-0.9102766289667166,0.20464843646453398,-0.3816098600485772
Texas,2021,4,16,64,11.0,80.0,2.4849066497880004,4.394449154672439,1.0,0.2116082695171959,-0.2305307872565118,-0.40840395995223766,-0.9102766289667166,0.20464843646453398,-0.3269653852908598
Utah,2011,-6,36,-216,30.0,34.0,3.4339872044851463,3.5553480614894135,0.0,-0.518317404054935,-0.429561534933558,-0.16566628304150877,0.4670075931454779,-0.6127470333122543,0.3950310469277621
Utah,2012,-5,25,-125,2.0,25.0,1.0986122886681098,3.258096538021482,0.0,-0.518317404054935,-0.429561534933558,-0.16566628304150877,0.4670075931454779,-0.6127470333122543,-0.1595613203137585
Utah,2013,-4,16,-64,3.0,18.0,1.3862943611198906,2.9444389791664403,0.0,-0.518317404054935,-0.429561534933558,-0.16566628304150877,0.4670075931454779,-0.6127470333122543,-0.3431228240875281
Utah,2014,-3,9,-27,0.0,7.0,0.0,2.0794415416798357,0.0,-0.518317404054935,-0.429561534933558,-0.16566628304150877,0.4670075931454779,-0.6127470333122543,-0.5091932604226154
Utah,2015,-2,4,-8,0.0,12.0,0.0,2.5649493574615367,0.0,-0.518317404054935,-0.429561534933558,-0.16566628304150877,0.4670075931454779,-0.6127470333122543,-0.4574855702055828
Utah,2016,-1,1,-1,0.0,15.0,0.0,2.772588722239781,0.0,-0.518317404054935,-0.429561534933558,-0.16566628304150877,0.4670075931454779,-0.6127470333122543,-0.3482448202686387
Utah,2017,0,0,0,0.0,0.0,0.0,0.0,0.0,-0.518317404054935,-0.429561534933558,-0.16566628304150877,0.4670075931454779,-0.6127470333122543,-0.3310033643148967
Utah,2018,1,1,1,1.0,24.0,0.6931471805599453,3.2188758248682006,0.0,-0.518317404054935,-0.429561534933558,-0.16566628304150877,0.4670075931454779,-0.6127470333122543,0.0337029136480037
Utah,2019,2,4,8,0.0,34.0,0.0,3.5553480614894135,0.0,-0.518317404054935,-0.429561534933558,-0.16566628304150877,0.4670075931454779,-0.6127470333122543,0.5324237471329205
Utah,2020,3,9,27,0.0,90.0,0.0,4.51085950651685,1.0,-0.518317404054935,-0.429561534933558,-0.16566628304150877,0.4670075931454779,-0.6127470333122543,0.595680617556559
Utah,2021,4,16,64,1.0,67.0,0.6931471805599453,4.219507705176107,1.0,-0.518317404054935,-0.429561534933558,-0.16566628304150877,0.4670075931454779,-0.6127470333122543,0.1485446550745879
Vermont,2011,-6,36,-216,,10.0,,2.3978952727983707,0.0,,0.9647255548057796,0.3228153874922041,1.2060381513520138,-1.1091756955850682,-0.0639326907015249
Vermont,2012,-5,25,-125,0.0,2.0,0.0,1.0986122886681098,0.0,,0.9647255548057796,0.3228153874922041,1.2060381513520138,-1.1091756955850682,0.143714862210853
Vermont,2013,-4,16,-64,0.0,4.0,0.0,1.6094379124341003,0.0,,0.9647255548057796,0.3228153874922041,1.2060381513520138,-1.1091756955850682,0.313133262997641
Vermont,2014,-3,9,-27,0.0,2.0,0.0,1.0986122886681098,0.0,,0.9647255548057796,0.3228153874922041,1.2060381513520138,-1.1091756955850682,-0.1179977733176094
Vermont,2015,-2,4,-8,0.0,13.0,0.0,2.6390573296152584,0.0,,0.9647255548057796,0.3228153874922041,1.2060381513520138,-1.1091756955850682,-0.1052595476945427
Vermont,2016,-1,1,-1,0.0,3.0,0.0,1.3862943611198906,0.0,,0.9647255548057796,0.3228153874922041,1.2060381513520138,-1.1091756955850682,-0.2156575030944546
Vermont,2017,0,0,0,3.0,9.0,1.3862943611198906,2.302585092994046,0.0,,0.9647255548057796,0.3228153874922041,1.2060381513520138,-1.1091756955850682,-0.4853177436788674
Vermont,2018,1,1,1,0.0,12.0,0.0,2.5649493574615367,0.0,,0.9647255548057796,0.3228153874922041,1.2060381513520138,-1.1091756955850682,-0.4657098188844781
Vermont,2019,2,4,8,10.0,7.0,2.3978952727983707,2.0794415416798357,0.0,,0.9647255548057796,0.3228153874922041,1.2060381513520138,-1.1091756955850682,-0.4683107944877738
Vermont,2020,3,9,27,11.0,3.0,2.4849066497880004,1.3862943611198906,1.0,,0.9647255548057796,0.3228153874922041,1.2060381513520138,-1.1091756955850682,-0.2669964124237843
Vermont,2021,4,16,64,11.0,5.0,2.4849066497880004,1.791759469228055,1.0,,0.9647255548057796,0.3228153874922041,1.2060381513520138,-1.1091756955850682,-0.3481450110411119
Virginia,2011,-6,36,-216,,57.0,,4.060443010546419,0.0,-0.5093484555282111,-0.4300579623927238,0.010667374753024471,1.3217449559197063,-1.0321436617841142,0.212388987677359
Virginia,2012,-5,25,-125,0.0,40.0,0.0,3.713572066704308,0.0,-0.5093484555282111,-0.4300579623927238,0.010667374753024471,1.3217449559197063,-1.0321436617841142,0.0855501290102971
Virginia,2013,-4,16,-64,0.0,57.0,0.0,4.060443010546419,0.0,-0.5093484555282111,-0.4300579623927238,0.010667374753024471,1.3217449559197063,-1.0321436617841142,0.227258589485809
Virginia,2014,-3,9,-27,1.0,43.0,0.6931471805599453,3.784189633918261,0.0,-0.5093484555282111,-0.4300579623927238,0.010667374753024471,1.3217449559197063,-1.0321436617841142,0.5991378203577811
Virginia,2015,-2,4,-8,0.0,51.0,0.0,3.9512437185814275,0.0,-0.5093484555282111,-0.4300579623927238,0.010667374753024471,1.3217449559197063,-1.0321436617841142,0.533824648350575
Virginia,2016,-1,1,-1,0.0,34.0,0.0,3.5553480614894135,0.0,-0.5093484555282111,-0.4300579623927238,0.010667374753024471,1.3217449559197063,-1.0321436617841142,0.3583546451480639
Virginia,2017,0,0,0,0.0,38.0,0.0,3.6635616461296463,0.0,-0.5093484555282111,-0.4300579623927238,0.010667374753024471,1.3217449559197063,-1.0321436617841142,0.2256670830026113
Virginia,2018,1,1,1,1.0,39.0,0.6931471805599453,3.6888794541139363,0.0,-0.5093484555282111,-0.4300579623927238,0.010667374753024471,1.3217449559197063,-1.0321436617841142,0.1981932481066298
Virginia,2019,2,4,8,6.0,35.0,1.9459101490553132,3.58351893845611,0.0,-0.5093484555282111,-0.4300579623927238,0.010667374753024471,1.3217449559197063,-1.0321436617841142,0.0431722965622743
Virginia,2020,3,9,27,0.0,26.0,0.0,3.295836866004329,1.0,-0.5093484555282111,-0.4300579623927238,0.010667374753024471,1.3217449559197063,-1.0321436617841142,-0.0454400105419863
Virginia,2021,4,16,64,7.0,7.0,2.0794415416798357,2.0794415416798357,1.0,-0.5093484555282111,-0.4300579623927238,0.010667374753024471,1.3217449559197063,-1.0321436617841142,-0.0631895975707044
Washington,2011,-6,36,-216,133.0,42.0,4.897839799950911,3.7612001156935624,0.0,0.4269295228411358,-0.4500280495880074,-0.24038136924470835,-0.03687687835898419,-0.8053271178146391,-0.4715678061473876
Washington,2012,-5,25,-125,122.0,40.0,4.812184355372417,3.713572066704308,0.0,0.4269295228411358,-0.4500280495880074,-0.24038136924470835,-0.03687687835898419,-0.8053271178146391,-0.4320939209848817
Washington,2013,-4,16,-64,113.0,40.0,4.736198448394496,3.713572066704308,0.0,0.4269295228411358,-0.4500280495880074,-0.24038136924470835,-0.03687687835898419,-0.8053271178146391,-0.3051722439139775
Washington,2014,-3,9,-27,95.0,35.0,4.564348191467836,3.58351893845611,0.0,0.4269295228411358,-0.4500280495880074,-0.24038136924470835,-0.03687687835898419,-0.8053271178146391,-0.2967253646751321
Washington,2015,-2,4,-8,74.0,46.0,4.31748811353631,3.8501476017100584,0.0,0.4269295228411358,-0.4500280495880074,-0.24038136924470835,-0.03687687835898419,-0.8053271178146391,-0.2720783292077899
Washington,2016,-1,1,-1,84.0,40.0,4.442651256490317,3.713572066704308,0.0,0.4269295228411358,-0.4500280495880074,-0.24038136924470835,-0.03687687835898419,-0.8053271178146391,-0.2242011701515758
Washington,2017,0,0,0,268.0,52.0,5.594711379601839,3.970291913552122,0.0,0.4269295228411358,-0.4500280495880074,-0.24038136924470835,-0.03687687835898419,-0.8053271178146391,-0.0494348493338899
Washington,2018,1,1,1,210.0,34.0,5.351858133476067,3.5553480614894135,0.0,0.4269295228411358,-0.4500280495880074,-0.24038136924470835,-0.03687687835898419,-0.8053271178146391,-0.0978951632004208
Washington,2019,2,4,8,251.0,44.0,5.529429087511423,3.8066624897703196,0.0,0.4269295228411358,-0.4500280495880074,-0.24038136924470835,-0.03687687835898419,-0.8053271178146391,-0.1622083016700514
Washington,2020,3,9,27,156.0,38.0,5.056245805348308,3.6635616461296463,1.0,0.4269295228411358,-0.4500280495880074,-0.24038136924470835,-0.03687687835898419,-0.8053271178146391,-0.2948216567875595
Washington,2021,4,16,64,157.0,53.0,5.062595033026967,3.9889840465642745,1.0,0.4269295228411358,-0.4500280495880074,-0.24038136924470835,-0.03687687835898419,-0.8053271178146391,-0.0319134084415201
West Virginia,2011,-6,36,-216,2.0,10.0,1.0986122886681098,2.3978952727983707,0.0,-0.7835612294433079,-0.597016294507755,0.32841156133013727,-0.021946968092187755,-1.1091756955850682,-0.6366365595949579
West Virginia,2012,-5,25,-125,0.0,0.0,0.0,0.0,0.0,-0.7835612294433079,-0.597016294507755,0.32841156133013727,-0.021946968092187755,-1.1091756955850682,-0.5972688429479512
West Virginia,2013,-4,16,-64,1.0,10.0,0.6931471805599453,2.3978952727983707,0.0,-0.7835612294433079,-0.597016294507755,0.32841156133013727,-0.021946968092187755,-1.1091756955850682,-0.6139924335157715
West Virginia,2014,-3,9,-27,2.0,9.0,1.0986122886681098,2.302585092994046,0.0,-0.7835612294433079,-0.597016294507755,0.32841156133013727,-0.021946968092187755,-1.1091756955850682,-0.6633013604609057
West Virginia,2015,-2,4,-8,2.0,11.0,1.0986122886681098,2.4849066497880004,0.0,-0.7835612294433079,-0.597016294507755,0.32841156133013727,-0.021946968092187755,-1.1091756955850682,-0.6314462522781467
West Virginia,2016,-1,1,-1,0.0,10.0,0.0,2.3978952727983707,0.0,-0.7835612294433079,-0.597016294507755,0.32841156133013727,-0.021946968092187755,-1.1091756955850682,-0.5814073726642754
West Virginia,2017,0,0,0,0.0,11.0,0.0,2.4849066497880004,0.0,-0.7835612294433079,-0.597016294507755,0.32841156133013727,-0.021946968092187755,-1.1091756955850682,-0.510356177426451
West Virginia,2018,1,1,1,0.0,12.0,0.0,2.5649493574615367,0.0,-0.7835612294433079,-0.597016294507755,0.32841156133013727,-0.021946968092187755,-1.1091756955850682,-0.4650179198369131
West Virginia,2019,2,4,8,0.0,11.0,0.0,2.4849066497880004,0.0,-0.7835612294433079,-0.597016294507755,0.32841156133013727,-0.021946968092187755,-1.1091756955850682,-0.4586005561707468
West Virginia,2020,3,9,27,3.0,2.0,1.3862943611198906,1.0986122886681098,1.0,-0.7835612294433079,-0.597016294507755,0.32841156133013727,-0.021946968092187755,-1.1091756955850682,-0.4976140527444239
West Virginia,2021,4,16,64,0.0,9.0,0.0,2.302585092994046,1.0,-0.7835612294433079,-0.597016294507755,0.32841156133013727,-0.021946968092187755,-1.1091756955850682,0.1500012592715873
Wisconsin,2011,-6,36,-216,52.0,31.0,3.970291913552122,3.4657359027997265,0.0,-0.5904924093347231,-0.482111217924853,-0.06348419760395534,0.1422820448425969,0.8637002812060284,-0.6597606397634628
Wisconsin,2012,-5,25,-125,25.0,28.0,3.258096538021482,3.367295829986474,0.0,-0.5904924093347231,-0.482111217924853,-0.06348419760395534,0.1422820448425969,0.8637002812060284,-0.6523503230279778
Wisconsin,2013,-4,16,-64,44.0,28.0,3.8066624897703196,3.367295829986474,0.0,-0.5904924093347231,-0.482111217924853,-0.06348419760395534,0.1422820448425969,0.8637002812060284,-0.6130955969785744
Wisconsin,2014,-3,9,-27,34.0,21.0,3.5553480614894135,3.091042453358316,0.0,-0.5904924093347231,-0.482111217924853,-0.06348419760395534,0.1422820448425969,0.8637002812060284,-0.6036449981898806
Wisconsin,2015,-2,4,-8,29.0,31.0,3.4011973816621555,3.4657359027997265,0.0,-0.5904924093347231,-0.482111217924853,-0.06348419760395534,0.1422820448425969,0.8637002812060284,-0.6171311331932803
Wisconsin,2016,-1,1,-1,64.0,35.0,4.174387269895637,3.58351893845611,0.0,-0.5904924093347231,-0.482111217924853,-0.06348419760395534,0.1422820448425969,0.8637002812060284,-0.5248041752166044
Wisconsin,2017,0,0,0,98.0,43.0,4.59511985013459,3.784189633918261,0.0,-0.5904924093347231,-0.482111217924853,-0.06348419760395534,0.1422820448425969,0.8637002812060284,-0.5009401887553945
Wisconsin,2018,1,1,1,73.0,41.0,4.30406509320417,3.7376696182833684,0.0,-0.5904924093347231,-0.482111217924853,-0.06348419760395534,0.1422820448425969,0.8637002812060284,-0.4541431754962176
Wisconsin,2019,2,4,8,71.0,50.0,4.276666119016055,3.9318256327243257,0.0,-0.5904924093347231,-0.482111217924853,-0.06348419760395534,0.1422820448425969,0.8637002812060284,-0.4554637289887521
Wisconsin,2020,3,9,27,56.0,46.0,4.04305126783455,3.8501476017100584,1.0,-0.5904924093347231,-0.482111217924853,-0.06348419760395534,0.1422820448425969,0.8637002812060284,-0.2855354630149311
Wisconsin,2021,4,16,64,86.0,47.0,4.465908118654584,3.871201010907891,1.0,-0.5904924093347231,-0.482111217924853,-0.06348419760395534,0.1422820448425969,0.8637002812060284,-0.341392620561492
